Education,Marital_Status,Income,Kidhome,Teenhome,Recency,MntWines,MntFruits,MntMeatProducts,MntFishProducts,MntSweetProducts,MntGoldProds,NumDealsPurchases,NumWebPurchases,NumCatalogPurchases,NumStorePurchases,NumWebVisitsMonth,AcceptedCmp3,AcceptedCmp4,AcceptedCmp5,AcceptedCmp1,AcceptedCmp2,Complain,Response,Age,Engaged_Days,Total_Expenses,Total_Purchases,FishMeat,Dessert,Cluster
Graduation,Single,58138.0,0,0,58,635,88,546,172,88,88,3,8,10,4,7,0,0,0,0,0,0,1,57,484,1617,25,718,176,3
Graduation,Single,46344.0,1,1,38,11,1,6,2,1,6,2,1,1,2,5,0,0,0,0,0,0,0,60,-66,27,6,8,2,2
Graduation,Together,71613.0,0,0,26,426,49,127,111,21,42,1,8,2,10,4,0,0,0,0,0,0,0,49,133,776,21,238,70,3
Graduation,Together,26646.0,1,0,26,11,4,20,10,3,5,2,2,0,4,6,0,0,0,0,0,0,0,30,-40,53,8,30,7,2
PhD,Married,58293.0,1,0,94,173,43,118,46,27,15,5,5,3,6,5,0,0,0,0,0,0,0,33,-18,422,19,164,70,0
Master,Together,62513.0,0,1,16,520,42,98,0,42,14,2,6,4,10,6,0,0,0,0,0,0,0,47,114,716,22,98,84,1
Graduation,Divorced,55635.0,0,1,34,235,65,164,50,49,27,4,7,3,7,6,0,0,0,0,0,0,0,43,414,590,21,214,114,3
PhD,Married,33454.0,1,0,32,76,10,56,3,1,23,2,4,0,4,8,0,0,0,0,0,0,0,29,238,169,10,59,11,0
PhD,Together,30351.0,1,0,19,14,0,24,3,3,2,1,3,0,2,9,0,0,0,0,0,0,1,40,209,46,6,27,3,0
PhD,Together,5648.0,1,1,68,28,0,6,1,1,13,1,1,0,0,20,1,0,0,0,0,0,0,64,-71,49,2,7,1,0
Graduation,Married,51381.5,1,0,11,5,5,6,0,2,1,1,1,0,2,7,0,0,0,0,0,0,0,31,47,19,4,6,7,2
Basic,Married,7500.0,0,0,59,6,16,11,11,1,16,1,2,0,3,8,0,0,0,0,0,0,0,38,414,61,6,22,17,2
Graduation,Divorced,63033.0,0,0,82,194,61,480,225,112,30,1,3,4,8,2,0,0,0,0,0,0,0,55,47,1102,16,705,173,3
Master,Divorced,59354.0,1,1,53,233,2,53,3,5,14,3,6,1,5,6,0,0,0,0,0,0,0,62,47,310,15,56,7,0
Graduation,Married,17323.0,0,0,38,3,14,17,6,1,5,1,1,0,3,8,0,0,0,0,0,0,0,27,448,46,5,23,15,2
PhD,Single,82800.0,0,0,23,1006,22,115,59,68,45,1,7,6,12,3,0,0,1,1,0,0,1,68,403,1315,26,174,90,1
Graduation,Married,41850.0,1,1,51,53,5,19,2,13,4,3,3,0,3,8,0,0,0,0,0,0,0,34,373,96,9,21,18,2
Graduation,Together,37760.0,0,0,20,84,5,38,150,12,28,2,4,1,6,7,0,0,0,0,0,0,0,68,488,317,13,188,17,2
Master,Married,76995.0,0,1,91,1012,80,498,0,16,176,2,11,4,9,5,0,0,0,1,0,0,0,65,279,1782,26,498,96,3
2n Cycle,Single,33812.0,1,0,86,4,17,19,30,24,39,2,2,1,3,6,0,0,0,0,0,0,0,29,424,133,8,49,41,2
Graduation,Married,37040.0,0,0,41,86,2,73,69,38,48,1,4,2,5,8,0,0,0,0,0,0,0,32,511,316,12,142,40,2
Graduation,Married,2447.0,1,0,42,1,1,1725,1,1,1,15,0,28,0,1,0,0,0,0,0,0,0,35,360,1730,43,1726,2,3
PhD,Married,58607.0,0,1,63,867,0,86,0,0,19,3,2,3,9,8,0,1,0,0,0,0,0,65,374,972,17,86,0,1
PhD,Married,65324.0,0,1,0,384,0,102,21,32,5,3,6,2,9,4,0,0,0,0,0,0,0,60,-10,544,20,123,32,1
Graduation,Together,40689.0,0,1,69,270,3,27,39,6,99,7,7,1,5,8,0,0,0,0,0,0,0,63,289,444,20,66,9,2
Graduation,Single,18589.0,0,0,89,6,4,25,15,12,13,2,2,1,3,7,0,0,0,0,0,0,0,45,364,75,8,40,16,2
Graduation,Married,53359.0,1,1,4,173,4,30,3,6,41,4,5,1,4,7,0,0,0,0,0,0,0,38,219,257,14,33,10,2
Graduation,Single,51381.5,1,0,19,5,1,3,3,263,362,0,27,0,0,1,0,0,0,0,0,0,0,28,315,637,27,6,264,3
Graduation,Married,38360.0,1,0,26,36,2,42,20,21,10,2,2,1,4,3,0,0,0,0,0,0,0,25,215,131,9,62,23,2
PhD,Married,84618.0,0,0,96,684,100,801,21,66,0,1,6,9,10,2,0,0,1,0,0,0,0,49,40,1672,26,822,166,1
Master,Divorced,10979.0,0,0,34,8,4,10,2,2,4,2,3,0,3,5,0,0,0,0,0,0,0,25,-141,30,8,12,6,2
Master,Together,38620.0,0,0,56,112,17,44,34,22,89,1,2,5,3,3,0,0,0,0,0,0,0,51,235,318,11,78,39,0
Graduation,Together,40548.0,0,1,31,110,0,5,2,0,3,2,2,1,4,5,0,1,0,0,0,0,0,44,448,120,9,7,0,2
PhD,Divorced,46610.0,0,2,8,96,12,96,33,22,43,6,4,1,6,6,0,0,0,0,0,0,1,62,429,302,17,129,34,0
Master,Married,68657.0,0,0,4,482,34,471,119,68,22,1,3,5,9,7,0,0,0,0,0,0,0,68,315,1196,18,590,102,1
Master,Single,49389.0,1,1,55,40,0,19,2,1,3,1,2,0,3,7,0,0,0,0,0,0,0,63,125,65,6,21,1,0
PhD,Married,67353.0,0,1,37,702,17,151,0,8,35,5,5,6,12,2,0,0,0,0,0,0,0,44,1,913,28,151,25,1
2n Cycle,Married,23718.0,1,0,76,6,3,14,15,7,36,3,3,1,2,7,0,0,0,0,0,0,0,38,121,81,9,29,10,2
Graduation,Widow,42429.0,0,1,99,55,0,6,2,0,4,2,1,1,3,5,0,0,0,0,0,0,0,41,-41,67,7,8,0,2
PhD,Divorced,48948.0,0,0,53,437,8,206,160,49,42,2,7,10,5,6,1,0,0,0,0,0,1,71,334,902,24,366,57,1
Graduation,Married,80011.0,0,1,3,421,76,536,82,178,102,2,8,6,5,4,0,0,0,0,0,0,0,34,247,1395,21,618,254,3
Master,Married,20559.0,1,0,88,13,1,29,3,0,7,2,2,0,3,8,0,0,0,0,0,0,0,29,295,53,7,32,1,2
Graduation,Together,21994.0,0,1,4,9,0,6,3,1,3,1,0,0,3,5,0,0,0,0,0,0,0,57,373,22,4,9,1,2
PhD,Single,51381.5,0,0,80,81,11,50,3,2,39,1,1,3,4,2,0,0,0,0,0,0,0,55,57,186,9,53,13,0
Master,Married,7500.0,1,0,19,3,1,10,3,2,12,3,2,0,3,5,0,0,0,0,0,0,0,39,91,31,8,13,3,2
Graduation,Single,79941.0,0,0,72,123,164,266,227,30,174,1,2,4,9,1,0,0,0,0,0,0,0,38,-178,984,16,493,194,3
2n Cycle,Married,7500.0,0,0,24,3,18,14,15,22,50,3,3,1,3,9,0,0,0,0,0,0,1,18,418,122,10,29,40,2
Graduation,Together,41728.0,1,0,92,13,6,15,3,5,13,1,2,0,2,10,0,0,0,0,0,0,0,46,222,55,5,18,11,2
Graduation,Single,51381.5,2,1,96,48,5,48,6,10,7,3,2,1,4,6,0,0,0,0,0,0,0,63,0,124,10,54,15,2
PhD,Married,72550.0,1,1,39,826,50,317,50,38,38,9,5,2,12,8,0,0,0,0,0,0,0,60,419,1319,28,367,88,1
Graduation,Widow,65486.0,0,1,29,245,19,125,37,67,14,1,4,2,10,2,0,0,0,0,0,0,0,57,-131,507,17,162,86,3
Master,Married,79143.0,0,0,2,650,37,780,27,167,32,1,6,9,13,3,0,0,0,0,0,0,0,50,508,1693,29,807,204,3
Graduation,Single,35790.0,1,0,54,12,6,20,30,1,3,2,2,0,3,7,0,0,0,0,0,0,0,37,364,72,7,50,7,2
Graduation,Divorced,82582.0,0,0,54,510,120,550,156,40,241,1,4,9,7,1,1,0,0,1,0,0,1,37,-157,1617,21,706,160,3
Graduation,Married,66373.0,1,1,57,328,9,124,12,24,109,7,4,2,10,3,0,0,0,0,0,0,0,36,203,606,23,136,33,3
Master,Together,82384.0,0,0,55,984,51,432,180,120,190,1,3,10,13,1,0,0,1,0,0,0,1,59,408,1957,27,612,171,3
Graduation,Divorced,70287.0,0,0,30,295,35,482,121,120,40,1,5,5,10,3,0,0,0,0,0,0,1,48,274,1093,21,603,155,3
Graduation,Single,27938.0,1,0,31,13,0,8,2,1,5,1,1,0,4,3,0,0,0,0,0,0,0,26,-117,29,6,10,1,2
Graduation,Single,51381.5,1,0,57,11,3,22,2,2,6,2,2,0,3,6,0,0,0,0,0,0,0,32,198,46,7,24,5,2
PhD,Married,55954.0,0,1,63,447,0,28,0,0,43,3,8,2,6,7,0,0,0,0,0,0,0,46,-61,518,19,28,0,0
Master,Single,75777.0,0,0,12,712,26,538,69,13,80,1,3,6,11,1,0,1,1,0,0,0,1,32,181,1438,21,607,39,3
Graduation,Together,66653.0,1,1,18,452,18,102,16,18,6,4,4,2,12,3,0,0,0,0,0,0,0,39,481,612,22,118,36,2
Graduation,Single,61823.0,0,1,26,523,7,134,37,14,169,4,8,2,10,7,0,0,0,0,0,0,0,62,317,884,24,171,21,3
PhD,Widow,67680.0,0,1,8,546,0,48,0,6,6,1,7,3,8,5,0,0,0,0,0,0,0,63,204,606,19,48,6,1
Graduation,Together,70666.0,0,0,29,398,40,367,119,122,30,1,7,4,4,4,0,0,0,0,0,0,0,66,26,1076,16,486,162,3
Graduation,Married,25721.0,1,0,75,1,3,6,3,6,15,1,1,1,2,7,0,0,0,0,0,0,1,43,225,34,5,9,9,2
Graduation,Together,32474.0,1,1,0,10,0,1,0,0,0,1,1,0,2,7,0,0,0,0,0,0,0,47,-130,11,4,1,0,2
2n Cycle,Single,88194.0,0,1,19,688,14,309,201,24,38,1,11,10,10,5,1,0,0,1,0,0,1,35,-77,1274,32,510,38,3
Graduation,Together,69096.0,0,1,4,247,49,159,7,82,109,1,5,2,10,4,0,0,0,0,0,0,0,56,96,653,18,166,131,3
Graduation,Together,74854.0,1,2,90,856,59,487,58,29,73,7,2,5,5,5,0,0,0,0,0,0,0,44,268,1562,19,545,88,3
Master,Married,66991.0,0,0,1,496,36,460,189,60,12,3,4,8,6,3,0,0,0,0,0,0,0,60,477,1253,21,649,96,1
2n Cycle,Married,51381.5,1,0,25,25,3,43,17,4,17,3,3,0,3,8,0,0,0,0,0,0,0,41,474,109,9,60,7,2
Graduation,Married,65031.0,0,1,29,258,107,291,84,37,86,4,10,3,13,7,0,0,0,0,0,0,0,55,290,863,30,375,144,3
PhD,Married,60631.0,1,1,88,565,6,65,0,6,19,5,9,2,8,7,0,1,0,0,0,0,0,39,271,661,24,65,12,0
Graduation,Married,28332.0,0,0,58,14,10,13,4,15,9,1,2,1,4,2,0,0,0,0,0,0,0,62,-119,65,8,17,25,2
Graduation,Divorced,40246.0,1,0,68,2,1,6,2,1,1,1,1,0,2,6,0,0,0,0,0,0,0,37,378,13,4,8,2,2
Master,Married,75251.0,0,0,34,721,111,925,97,18,18,1,7,6,5,5,0,0,0,0,0,0,1,42,492,1890,19,1022,129,3
Graduation,Single,75825.0,0,0,40,1032,105,779,137,105,51,0,5,8,9,4,1,0,0,0,0,0,1,38,446,2209,22,916,210,3
2n Cycle,Together,26326.0,0,0,12,1,0,5,0,3,9,1,0,0,3,3,0,0,0,0,0,1,0,38,119,18,4,5,3,2
Graduation,Together,56046.0,0,0,9,577,0,64,0,0,51,2,10,1,8,8,1,0,0,0,0,0,1,49,364,692,21,64,0,3
Graduation,Single,29760.0,1,0,87,64,4,68,7,5,17,4,3,1,4,8,0,0,0,0,0,0,0,29,490,165,12,75,9,2
Graduation,Married,26304.0,1,0,5,4,1,5,2,0,4,1,1,0,2,7,0,0,0,0,0,0,0,45,192,16,4,7,1,2
2n Cycle,Married,23559.0,1,0,87,25,5,19,7,0,23,3,3,0,3,7,0,0,0,0,0,0,0,41,182,79,9,26,5,2
Master,Together,38620.0,0,0,56,112,17,44,34,22,89,1,2,5,3,3,0,0,0,0,0,0,0,51,235,318,11,78,39,0
Graduation,Divorced,81361.0,0,0,18,163,23,424,27,65,76,1,3,10,13,1,0,0,0,0,0,0,0,27,-55,778,27,451,88,3
Graduation,Married,29440.0,1,1,95,17,8,14,10,4,3,2,1,0,4,7,0,0,0,0,0,0,0,54,143,56,7,24,12,2
Master,Married,36138.0,1,1,48,130,0,16,0,0,5,5,3,1,4,7,0,1,0,0,0,0,0,44,169,151,13,16,0,0
Graduation,Single,50388.0,0,1,3,292,6,37,0,3,34,4,6,1,6,7,0,1,0,1,0,0,1,57,-147,372,17,37,9,2
Graduation,Married,79593.0,0,0,70,350,60,568,110,133,145,1,5,6,7,2,0,0,1,0,0,0,0,41,-131,1366,19,678,193,3
Graduation,Together,54178.0,0,1,79,135,9,39,4,0,7,1,2,2,5,2,0,0,0,0,0,0,0,47,-20,194,10,43,9,2
PhD,Married,51381.5,2,1,4,230,42,192,49,37,53,12,7,2,8,9,0,0,0,0,0,0,0,57,408,603,29,241,79,0
Graduation,Single,51381.5,1,1,45,7,0,8,2,0,1,1,1,0,2,7,0,0,0,0,0,0,0,57,-146,18,4,10,0,2
Master,Together,51381.5,0,0,87,445,37,359,98,28,18,1,2,4,8,1,0,0,0,0,0,0,0,41,39,985,15,457,65,3
Master,Single,42394.0,1,0,69,15,2,10,0,1,4,1,1,0,3,7,0,0,0,0,0,0,0,42,-81,32,5,10,3,2
PhD,Married,23626.0,1,0,84,27,2,14,0,0,0,3,3,1,3,5,0,0,0,0,0,0,0,44,-143,43,10,14,2,0
Graduation,Married,30096.0,1,0,30,5,3,11,12,5,9,1,2,0,3,6,0,0,0,0,0,0,0,31,-141,45,6,23,8,2
Graduation,Widow,47916.0,0,1,72,505,0,26,0,0,75,5,7,4,6,6,0,1,0,0,0,0,0,54,405,606,22,26,0,2
Graduation,Divorced,51813.0,1,1,37,51,2,7,0,1,2,2,2,0,3,7,0,0,0,0,0,0,0,42,265,63,7,7,3,2
2n Cycle,Married,78497.0,0,0,44,207,26,447,75,0,223,1,5,7,12,2,0,0,0,1,0,0,0,63,31,978,25,522,26,3
PhD,Married,50150.0,0,0,32,135,46,92,65,61,11,2,5,2,7,5,0,0,0,0,0,0,0,31,195,410,16,157,107,0
2n Cycle,Single,47823.0,0,1,0,53,1,5,2,1,10,2,2,0,3,8,0,0,0,0,0,0,0,54,162,72,7,7,2,2
PhD,Single,34554.0,0,1,43,41,1,6,2,0,5,2,2,0,3,6,0,0,0,0,0,0,0,55,-88,55,7,8,1,0
Graduation,Together,85693.0,0,1,59,386,172,183,185,132,111,2,9,5,11,5,0,0,0,0,0,0,0,35,256,1169,27,368,304,3
PhD,Married,65846.0,0,0,68,562,81,276,80,40,81,1,6,3,6,4,0,0,0,0,0,0,0,69,229,1120,16,356,121,1
Graduation,Married,87195.0,0,0,35,217,76,690,50,26,38,1,3,11,5,1,0,0,0,0,0,0,1,55,-127,1097,20,740,102,3
Basic,Together,24594.0,1,0,94,1,3,6,10,0,9,1,1,0,3,5,0,0,0,0,0,0,0,35,22,29,5,16,3,2
Graduation,Married,49096.0,1,1,15,144,1,32,2,1,7,4,4,1,4,7,0,0,0,0,0,0,0,50,99,187,13,34,2,2
Graduation,Married,52413.0,0,2,56,295,106,271,75,98,65,4,6,4,12,6,0,0,0,0,0,0,0,45,333,910,26,346,204,3
Graduation,Single,38557.0,1,0,17,76,3,31,4,4,27,2,3,1,3,7,0,0,0,0,0,0,0,36,378,145,9,35,7,2
Master,Married,89058.0,0,0,18,454,194,106,31,22,43,1,5,4,4,2,0,0,0,0,0,0,0,54,390,850,14,137,216,3
Graduation,Together,77298.0,0,1,46,425,115,292,23,35,79,1,6,6,11,3,0,0,0,0,0,0,0,35,60,969,24,315,150,3
PhD,Single,68126.0,0,0,40,1332,17,311,23,51,86,1,7,4,5,9,0,1,0,0,0,0,1,23,417,1820,17,334,68,1
Master,Together,57288.0,0,1,27,527,0,21,0,0,60,3,8,1,8,6,0,1,0,0,0,0,0,51,-175,608,20,21,0,0
Graduation,Single,86037.0,0,0,95,490,44,125,29,20,22,1,6,7,11,3,0,1,1,0,0,0,1,23,364,730,25,154,64,3
PhD,Married,43974.0,1,0,19,378,0,101,0,0,72,5,6,4,6,7,0,0,0,0,0,0,0,34,385,551,21,101,0,0
Graduation,Single,50785.0,1,1,27,64,1,21,0,1,27,2,2,1,3,6,0,0,0,0,0,0,0,52,113,114,8,21,2,2
Graduation,Married,90765.0,0,0,25,547,99,812,151,82,33,0,4,6,5,1,0,0,1,1,0,0,0,44,-23,1724,15,963,181,3
2n Cycle,Married,36550.0,1,0,74,47,90,94,123,103,120,5,9,1,5,9,0,0,0,0,0,0,0,36,316,577,20,217,193,2
2n Cycle,Together,30753.0,1,1,85,12,5,25,0,9,30,2,1,1,3,5,0,0,0,0,0,0,0,47,174,81,7,25,14,0
Graduation,Together,21918.0,1,0,37,1,6,7,11,5,3,2,2,0,3,6,0,0,0,0,0,0,0,45,48,33,7,18,11,2
Master,Together,56129.0,0,1,65,320,48,133,39,72,48,4,6,2,10,4,0,0,0,0,0,0,0,61,195,660,22,172,120,1
Master,Single,32557.0,1,0,13,34,3,29,0,4,10,3,2,1,3,5,0,0,0,0,0,0,1,47,-54,80,9,29,7,2
Master,Married,19510.0,2,0,63,9,0,7,3,4,7,2,1,0,3,7,0,0,0,0,0,0,0,29,119,30,6,10,4,2
Graduation,Divorced,30992.0,1,0,83,17,0,14,7,3,2,1,1,0,3,7,0,0,0,0,0,0,0,38,254,43,5,21,3,2
Graduation,Single,101970.0,0,0,69,722,27,102,44,72,168,0,6,8,13,2,0,1,1,1,0,0,1,31,295,1135,27,146,99,3
2n Cycle,Together,71488.0,0,0,87,162,33,124,40,28,172,2,3,4,7,1,0,0,0,0,0,0,0,49,317,559,16,164,61,3
Graduation,Single,79607.0,0,0,37,450,133,951,173,0,216,1,3,6,6,1,0,0,0,0,0,0,1,30,255,1923,16,1124,133,3
Master,Married,54348.0,1,1,51,70,0,16,0,0,4,2,2,0,4,6,0,0,0,0,0,0,0,61,-158,90,8,16,0,0
PhD,Married,51381.5,0,1,23,352,0,27,10,0,15,3,6,1,7,6,0,0,0,0,0,0,0,53,174,404,17,37,0,0
PhD,Together,77376.0,1,1,72,492,19,110,16,12,12,4,6,3,10,4,0,0,0,0,0,0,0,58,-129,661,23,126,31,1
Graduation,Married,62998.0,0,1,10,120,58,73,65,89,58,5,5,4,5,5,0,0,0,0,0,0,0,62,93,463,19,138,147,3
Master,Alone,61331.0,1,1,42,534,5,47,0,5,41,5,11,1,6,8,0,0,0,0,0,0,0,56,297,632,23,47,10,0
Graduation,Married,73448.0,0,0,10,236,106,189,23,41,130,1,7,2,9,4,0,0,0,0,0,0,0,45,-40,725,19,212,147,3
Graduation,Married,51381.5,0,1,96,231,65,196,38,71,124,1,6,5,7,4,0,0,0,0,0,0,0,51,143,725,19,234,136,3
PhD,Married,41551.0,1,1,51,220,0,33,3,0,23,5,5,1,5,8,0,0,0,0,0,0,0,50,140,279,16,36,0,0
PhD,Together,62981.0,0,0,21,796,14,590,38,44,0,1,4,5,13,3,0,1,0,0,0,0,0,47,290,1482,23,628,58,1
Basic,Divorced,9548.0,1,0,31,0,1,3,10,6,9,2,1,0,3,8,0,0,0,0,0,0,0,38,511,29,6,13,7,2
PhD,Married,33762.0,2,1,61,53,1,34,2,0,16,3,2,2,2,8,0,0,0,0,0,0,0,55,178,106,9,36,1,0
PhD,Alone,35860.0,1,1,37,15,0,8,4,2,20,2,1,1,2,5,1,0,0,0,0,0,1,41,-138,49,6,12,2,0
PhD,Divorced,36921.0,1,1,74,17,1,12,3,1,4,2,2,0,3,7,0,0,0,0,0,0,0,49,157,38,7,15,2,0
Master,Single,92859.0,0,0,46,962,61,921,52,61,20,1,5,4,12,2,0,0,0,0,0,0,0,22,439,2077,22,973,122,3
Master,Together,65104.0,0,1,4,738,0,232,13,20,50,2,3,5,7,7,0,0,0,0,0,0,1,38,48,1053,17,245,20,1
Graduation,Married,86111.0,0,0,73,399,28,756,36,40,126,1,5,7,10,2,0,0,0,0,0,0,0,52,257,1385,23,792,68,3
PhD,Single,68352.0,0,1,47,614,16,132,43,33,33,3,8,5,9,6,0,0,0,0,0,0,0,40,126,871,25,175,49,1
Graduation,Together,41883.0,1,0,13,32,34,41,73,16,116,3,4,2,3,7,0,0,0,0,0,0,0,26,288,312,12,114,50,2
Graduation,Married,59809.0,0,2,36,598,16,141,32,41,49,3,3,3,6,8,0,0,0,0,0,0,0,38,440,877,15,173,57,2
Graduation,Married,23957.0,1,0,47,2,1,18,20,11,16,1,2,0,3,6,0,0,0,0,0,0,1,39,430,68,6,38,12,2
Graduation,Together,38547.0,1,0,49,6,1,10,0,1,4,1,1,0,2,8,0,0,0,0,0,1,0,33,126,22,4,10,2,2
2n Cycle,Married,35688.0,2,1,94,73,3,90,12,1,32,7,4,1,4,8,0,0,0,0,0,0,0,41,497,211,16,102,4,0
Master,Married,49605.0,0,0,65,42,16,29,12,20,8,1,2,1,4,3,0,0,0,0,0,0,0,48,-171,127,8,41,36,0
Master,Married,59354.0,0,2,59,295,21,78,39,13,13,1,4,4,7,3,0,0,0,0,0,0,0,61,-113,459,16,117,34,0
Graduation,Married,65747.0,0,1,96,346,17,48,23,13,13,4,8,1,6,6,0,1,0,0,0,0,0,45,-65,460,19,71,30,2
2n Cycle,Together,46344.0,0,1,28,233,20,57,8,20,91,4,7,1,5,7,0,0,0,0,0,0,0,42,383,429,17,65,40,0
Graduation,Alone,34176.0,1,0,12,5,7,24,19,14,20,4,3,0,4,6,0,0,0,0,0,0,0,26,-131,89,11,43,21,2
PhD,Together,61010.0,0,1,57,888,0,57,0,0,76,2,8,5,11,5,0,0,0,0,0,0,0,62,449,1021,26,57,0,1
Graduation,Together,69372.0,0,0,10,997,26,269,34,13,42,1,10,4,6,4,0,1,1,0,0,0,1,65,316,1381,21,303,39,3
Graduation,Single,49967.0,0,1,4,212,6,69,4,12,3,3,6,1,5,7,0,0,0,0,0,0,0,56,177,306,15,73,18,2
Graduation,Single,60199.0,1,2,49,8,1,7,2,0,0,1,0,0,3,4,0,0,0,0,0,0,0,36,111,18,4,9,1,2
Graduation,Together,55375.0,0,1,3,42,11,57,10,28,14,1,1,1,6,2,0,0,0,0,0,0,0,37,76,162,9,67,39,2
Graduation,Single,80317.0,0,0,64,536,11,387,149,91,57,1,3,4,10,1,0,0,0,0,0,0,0,59,134,1231,18,536,102,3
Master,Single,30523.0,2,1,0,5,0,3,0,0,5,1,1,0,2,7,0,0,0,0,0,0,0,56,184,13,4,3,0,2
PhD,Married,70356.0,0,0,20,1349,16,249,43,16,33,2,10,6,9,6,0,0,0,0,0,0,0,69,422,1706,27,292,32,1
Graduation,Married,23228.0,1,0,91,53,3,49,7,4,5,4,3,0,4,8,0,0,0,0,0,0,0,30,-4,121,11,56,7,2
PhD,Divorced,74165.0,0,0,9,1001,12,240,16,12,12,1,5,4,10,2,0,0,0,0,0,0,0,39,245,1293,20,256,24,1
PhD,Married,157243.0,0,1,98,20,2,1582,1,2,1,15,0,22,0,0,0,0,0,0,0,0,0,41,-59,1608,37,1583,4,1
Graduation,Together,43482.0,2,1,83,18,1,32,6,3,28,3,2,0,4,6,0,0,0,0,0,0,0,48,49,88,9,38,4,2
Graduation,Divorced,62551.0,0,0,27,125,16,98,134,21,27,1,6,7,4,3,1,0,0,0,0,0,0,61,44,421,18,232,37,3
Graduation,Divorced,52332.0,0,0,63,212,5,33,7,0,2,1,3,2,6,4,0,1,0,0,0,0,0,55,126,259,12,40,5,2
Graduation,Single,66951.0,0,0,46,277,162,305,173,76,124,1,3,4,7,1,0,0,0,0,0,0,0,26,60,1117,15,478,238,3
Graduation,Together,26091.0,1,1,84,15,10,19,8,17,20,3,2,1,3,5,0,0,0,0,0,0,0,57,-55,89,9,27,27,2
Graduation,Together,33456.0,1,1,58,7,3,10,8,1,7,2,1,0,3,7,0,0,0,0,0,0,0,49,-110,36,6,18,4,2
Graduation,Married,28718.0,1,0,78,12,4,6,11,8,16,2,2,0,3,8,0,0,0,0,0,0,0,32,172,57,7,17,12,2
Graduation,Married,50447.0,2,0,4,85,7,24,2,3,27,1,3,1,3,6,0,0,0,0,0,0,0,44,-110,148,8,26,10,2
PhD,Together,53537.0,1,1,17,81,0,6,0,0,6,2,2,1,3,5,0,0,0,0,0,0,0,55,-29,93,8,6,0,0
Graduation,Single,52074.0,0,1,77,59,0,12,0,0,48,1,2,2,2,4,1,0,0,0,0,0,0,47,-93,119,7,12,0,2
PhD,Married,80427.0,0,1,56,1149,71,449,69,71,26,1,11,8,8,5,0,0,0,0,0,0,0,39,476,1835,28,518,142,1
PhD,Married,83837.0,0,0,79,847,66,119,86,89,111,1,9,10,5,4,0,1,0,1,0,0,1,66,381,1318,25,205,155,1
PhD,Married,38853.0,1,1,90,29,0,14,0,0,2,2,2,0,3,7,0,0,0,0,0,0,0,44,-142,45,7,14,0,0
Graduation,Together,38285.0,2,1,96,2,0,5,2,0,1,1,0,0,3,2,0,0,0,0,0,0,0,55,-174,10,4,7,0,2
2n Cycle,Married,78497.0,0,0,44,207,26,447,75,0,223,1,5,7,12,2,0,0,0,1,0,0,0,63,31,978,25,522,26,3
PhD,Married,51650.0,0,1,81,152,3,22,2,5,7,1,4,1,4,5,0,0,0,0,0,0,0,38,-130,191,10,24,8,0
2n Cycle,Married,16248.0,1,0,77,12,11,10,3,12,9,3,2,1,3,6,0,0,0,0,0,0,0,26,-129,57,9,13,23,2
Master,Married,66835.0,0,0,21,620,26,195,34,17,141,1,6,4,13,2,0,0,0,0,0,0,0,68,95,1033,24,229,43,1
Master,Married,30477.0,1,0,16,47,1,6,0,0,12,1,1,1,3,6,0,0,0,0,0,0,0,30,-21,66,6,6,1,2
Basic,Married,28249.0,0,0,80,1,9,7,2,14,10,1,2,0,3,6,0,0,0,0,0,0,0,53,-165,43,6,9,23,2
Graduation,Married,25271.0,1,0,45,10,1,18,10,4,7,1,1,1,2,9,0,0,0,0,0,0,0,31,392,50,5,28,5,2
PhD,Single,32303.0,0,1,63,35,0,2,0,0,2,2,1,0,4,5,0,0,0,0,0,0,0,44,-66,39,7,2,0,0
Graduation,Married,61286.0,0,1,34,356,0,107,19,9,117,2,7,1,8,5,0,0,0,0,0,0,0,48,152,608,18,126,9,3
Graduation,Married,74068.0,0,0,14,783,30,537,140,76,15,1,4,10,9,2,0,0,0,0,0,0,0,38,288,1581,24,677,106,3
PhD,Married,45759.0,1,1,13,42,1,18,3,0,4,2,2,0,3,7,0,0,0,0,0,0,0,50,312,68,7,21,1,0
Basic,Together,24882.0,1,0,52,1,4,10,29,0,36,1,1,1,2,6,1,0,0,0,0,0,0,36,479,80,5,39,4,2
PhD,Together,66973.0,0,0,98,466,22,432,147,113,102,1,8,7,12,3,0,0,0,0,0,0,0,25,229,1282,28,579,135,1
Graduation,Married,38872.0,1,0,93,23,3,21,3,19,22,2,3,0,3,8,0,0,0,0,0,0,0,26,216,91,8,24,22,2
Graduation,Married,51148.0,1,1,38,235,6,45,8,9,12,4,5,1,6,6,0,0,0,0,0,0,0,41,317,315,16,53,15,2
Graduation,Married,31353.0,1,1,24,10,0,10,3,1,7,2,1,1,2,8,0,0,0,0,0,0,0,37,3,31,6,13,1,2
Master,Married,69661.0,0,0,80,656,16,106,32,16,8,1,7,3,12,3,0,0,0,0,0,0,0,34,-132,834,23,138,32,1
Graduation,Married,80067.0,0,0,82,519,17,813,27,173,51,1,4,6,6,2,0,0,1,0,0,0,0,60,104,1600,17,840,190,3
Graduation,Married,86718.0,0,0,20,344,189,482,50,33,172,1,5,6,5,2,0,0,0,0,0,0,0,60,349,1270,17,532,222,3
PhD,Single,46854.0,1,1,81,96,1,79,7,1,79,6,5,1,3,8,1,0,0,0,0,0,1,41,-89,263,15,86,2,0
Graduation,Divorced,69142.0,0,1,50,448,4,34,6,4,39,3,8,1,7,5,0,1,0,0,0,0,0,62,-179,535,19,40,8,0
Graduation,Single,75922.0,0,0,60,265,138,553,224,23,92,1,4,4,9,1,0,0,0,0,0,0,0,46,23,1295,18,777,161,3
Graduation,Divorced,63693.0,0,1,63,587,43,337,42,87,54,3,11,6,9,6,0,0,0,0,0,0,0,36,79,1150,29,379,130,3
PhD,Together,102160.0,0,0,54,763,29,138,76,176,58,0,7,9,10,4,0,1,1,1,0,0,1,37,425,1240,26,214,205,1
PhD,Single,40637.0,1,1,72,22,0,13,0,0,3,2,1,0,3,7,0,0,0,0,0,0,0,49,168,38,6,13,0,0
Master,Single,18890.0,0,0,5,6,4,1,7,2,15,1,0,1,2,6,1,0,0,0,0,0,1,30,417,35,4,8,6,2
Graduation,Together,29604.0,1,0,88,7,6,13,7,6,14,1,1,0,3,9,1,0,0,0,0,0,0,26,24,53,5,20,12,2
Master,Divorced,48721.0,1,1,50,81,18,113,47,13,21,6,4,2,5,6,0,0,0,0,0,0,0,51,233,293,17,160,31,0
Graduation,Married,44794.0,0,1,99,54,0,7,0,0,4,1,2,0,3,6,0,0,0,0,0,0,0,48,-158,65,6,7,0,2
Graduation,Divorced,64497.0,0,1,17,1170,48,320,42,32,192,5,11,4,9,8,1,0,0,0,0,0,1,60,478,1804,29,362,80,3
Graduation,Together,46097.0,0,1,11,72,24,68,65,4,8,5,3,1,6,4,0,0,0,0,0,0,0,58,276,241,15,133,28,2
Graduation,Together,77972.0,0,0,18,613,22,319,33,102,12,1,4,6,9,1,0,0,0,0,0,0,0,60,-76,1101,20,352,124,3
PhD,Married,44377.0,1,1,70,224,0,30,0,0,10,8,5,1,5,8,0,0,0,0,0,0,0,46,453,264,19,30,0,0
Master,Together,46014.0,1,1,21,410,0,59,19,9,44,10,7,1,8,7,0,0,0,0,0,0,0,40,345,541,26,78,9,0
Graduation,Married,70951.0,0,0,66,239,10,554,254,87,54,1,3,4,9,1,0,0,0,0,0,0,0,29,242,1198,17,808,97,3
Graduation,Married,41443.0,1,0,79,171,7,171,25,19,89,6,8,1,5,8,0,0,0,0,0,0,0,37,-90,482,20,196,26,2
2n Cycle,Single,52195.0,2,1,2,12,0,4,0,0,1,1,1,0,2,8,0,0,0,0,0,0,0,36,-131,17,4,4,0,2
Master,Married,83790.0,0,0,81,1076,16,417,42,48,16,1,8,10,6,3,0,1,1,0,0,0,0,66,47,1615,25,459,64,1
Master,Widow,44551.0,0,1,24,182,4,33,0,0,66,2,4,1,5,7,0,0,0,0,0,0,0,60,123,285,12,33,4,0
Graduation,Together,69508.0,1,0,48,824,32,162,42,32,43,2,11,4,11,6,0,0,0,0,0,0,0,34,413,1135,28,204,64,3
2n Cycle,Together,45204.0,1,0,93,30,11,25,29,1,18,1,1,1,4,3,0,0,0,0,0,0,0,26,-100,114,7,54,12,2
Graduation,Married,72460.0,0,0,56,377,10,540,80,30,10,1,3,5,7,1,0,0,0,0,0,0,0,45,48,1047,16,620,40,3
PhD,Together,77622.0,0,2,3,520,7,154,19,0,14,2,6,3,11,3,0,0,0,0,0,0,0,44,-103,714,22,173,7,1
PhD,Married,30732.0,1,0,44,155,1,25,0,1,3,4,4,1,4,8,0,0,0,0,0,0,0,34,361,185,13,25,2,0
Graduation,Divorced,63887.0,0,1,38,897,23,207,15,11,92,5,9,6,12,6,0,0,0,0,0,0,0,52,480,1245,32,222,34,3
Graduation,Together,42011.0,1,0,46,131,0,16,2,1,39,4,3,1,4,8,0,0,0,0,0,0,0,36,281,189,12,18,1,2
Graduation,Together,51369.0,0,1,84,297,7,79,0,11,182,2,8,2,4,8,0,0,0,0,0,0,0,38,433,576,16,79,18,2
Graduation,Divorced,51537.0,0,1,27,787,20,204,0,0,92,3,2,2,11,8,0,0,0,0,0,0,0,62,388,1103,18,204,20,3
PhD,Married,79930.0,0,0,72,792,86,740,67,51,17,1,3,5,8,2,0,0,0,0,0,0,0,42,511,1753,17,807,137,1
PhD,Together,34320.0,1,0,66,4,1,9,3,0,0,1,1,0,2,8,0,0,0,0,0,0,0,28,-46,17,4,12,1,0
Graduation,Single,37070.0,1,1,30,231,7,137,4,15,39,9,5,1,8,7,0,0,0,0,0,0,1,48,287,433,23,141,22,2
2n Cycle,Divorced,81975.0,0,1,2,983,76,184,180,138,27,1,6,3,4,7,0,0,1,0,0,0,0,52,361,1588,14,364,214,1
Graduation,Together,38590.0,1,0,65,3,1,8,4,3,3,1,1,0,2,8,0,0,0,0,0,0,0,43,231,22,4,12,4,2
Graduation,Single,15033.0,0,0,37,0,4,5,6,0,4,1,1,0,3,3,0,0,0,0,0,0,0,63,-105,19,5,11,4,2
PhD,Married,62745.0,0,1,89,562,21,464,28,10,32,3,7,8,11,5,0,0,0,0,0,0,0,49,284,1117,29,492,31,1
2n Cycle,Married,22212.0,1,0,49,5,9,20,6,8,21,2,2,0,4,6,0,0,0,0,0,0,0,39,23,69,8,26,17,2
Master,Together,23661.0,1,0,46,18,0,4,0,0,1,1,1,0,3,7,0,0,0,0,0,0,0,32,28,23,5,4,0,2
PhD,Single,79761.0,0,1,32,415,5,124,15,35,11,1,5,2,11,3,0,0,0,0,0,0,0,56,89,605,19,139,40,1
Graduation,Single,7500.0,1,0,54,5,3,10,12,7,20,4,3,1,3,7,0,0,0,0,0,0,0,41,6,57,11,22,10,2
Graduation,Widow,73455.0,0,0,98,901,61,757,186,163,20,1,6,5,10,3,0,1,0,0,0,0,0,46,65,2088,22,943,224,3
Graduation,Together,64961.0,0,1,97,382,114,276,75,124,38,2,6,4,4,3,0,0,0,0,0,0,0,56,374,1009,16,351,238,3
Graduation,Single,22804.0,1,0,75,14,1,7,2,1,1,1,2,0,2,9,0,0,0,0,0,0,0,43,154,26,5,9,2,2
Graduation,Married,73687.0,0,0,8,559,153,503,218,13,181,1,3,9,9,2,0,0,0,1,0,0,1,24,34,1627,22,721,166,3
Graduation,Married,61074.0,0,1,37,789,0,133,0,28,152,7,11,5,8,7,0,0,0,0,0,0,0,56,502,1102,31,133,28,3
PhD,Married,31686.0,1,1,31,11,0,5,0,0,1,2,1,0,3,6,0,0,0,0,0,0,0,50,-155,17,6,5,0,0
Graduation,Married,80134.0,1,0,40,1218,16,272,104,0,80,2,5,3,6,6,0,1,1,1,0,0,1,42,226,1690,16,376,16,3
Graduation,Married,75027.0,0,1,74,925,64,179,133,12,77,2,9,4,6,5,0,0,0,0,0,0,0,61,357,1390,21,312,76,3
PhD,Married,67546.0,0,0,90,864,134,768,150,38,172,1,4,10,5,3,0,0,0,0,0,0,0,26,488,2126,20,918,172,3
Master,Together,65176.0,0,1,57,960,28,183,220,70,70,4,9,6,6,6,0,0,0,0,0,0,0,45,429,1531,25,403,98,1
Master,Single,31160.0,1,0,59,16,3,25,6,1,13,2,2,0,3,8,0,0,0,0,0,0,0,39,107,64,7,31,4,2
Graduation,Single,29938.0,1,0,52,3,3,7,0,2,11,2,1,0,3,6,0,0,0,0,0,0,0,29,66,26,6,7,5,2
Graduation,Divorced,102692.0,0,0,5,168,148,444,32,172,148,1,6,9,13,2,0,1,1,1,1,0,1,40,271,1112,29,476,320,3
2n Cycle,Together,26490.0,0,0,92,45,47,52,21,20,25,2,3,1,5,6,0,0,0,0,0,0,0,56,466,210,11,73,67,0
Graduation,Together,75702.0,1,1,77,650,28,353,45,42,30,5,4,6,11,8,0,0,0,0,0,0,0,47,490,1148,26,398,70,3
PhD,Single,30899.0,1,0,35,24,0,8,0,0,1,2,1,0,3,6,0,0,0,0,0,0,0,40,445,33,6,8,0,0
PhD,Together,63342.0,0,1,48,918,21,118,13,10,21,3,8,3,5,6,0,1,0,0,0,0,0,53,442,1101,19,131,31,1
Graduation,Single,45989.0,0,1,97,138,33,87,28,24,12,4,3,2,7,3,0,0,0,0,0,0,0,50,436,322,16,115,57,2
Graduation,Single,18701.0,1,1,95,12,4,2,10,6,10,4,2,0,4,5,0,0,0,0,0,0,0,50,211,44,10,12,10,2
PhD,Single,40737.0,2,1,24,11,0,4,0,0,2,1,1,0,2,8,0,0,0,0,0,0,0,57,24,17,4,4,0,0
Graduation,Divorced,15287.0,1,0,60,1,2,8,4,3,13,2,1,1,2,7,1,0,0,0,0,0,1,35,448,31,6,12,5,2
PhD,Divorced,69674.0,0,2,46,554,41,215,11,0,24,3,10,2,10,5,0,0,0,0,0,0,0,46,224,845,25,226,41,1
Master,Married,44159.0,1,0,85,167,2,62,24,13,7,4,4,1,6,5,0,0,0,0,0,0,0,44,-167,275,15,86,15,0
PhD,Married,37717.0,1,0,31,9,0,6,4,1,5,1,1,0,2,9,0,0,0,0,0,0,0,36,404,25,4,10,1,0
Master,Together,43776.0,1,1,9,177,2,71,3,2,20,6,5,2,4,8,0,0,0,0,0,0,1,62,332,275,17,74,4,0
Master,Married,38179.0,1,1,30,38,4,22,4,2,20,4,3,1,3,7,0,0,0,0,0,0,0,48,293,90,11,26,6,0
Graduation,Married,80124.0,0,0,47,483,84,398,205,84,241,1,3,7,8,1,1,0,0,0,0,0,0,51,-176,1495,19,603,168,3
PhD,Married,38097.0,1,1,70,77,2,35,0,1,69,4,3,2,2,7,1,0,0,0,0,0,1,44,443,184,11,35,3,0
Graduation,Married,72940.0,0,0,13,182,74,298,162,149,116,1,3,3,6,1,0,0,0,0,0,0,0,44,196,981,13,460,223,3
Graduation,Together,22070.0,1,0,11,10,7,19,8,2,21,2,2,2,2,6,0,0,0,0,0,0,0,44,89,67,8,27,9,2
Graduation,Single,69267.0,0,0,31,778,44,499,95,73,146,2,3,4,5,7,0,0,0,0,0,0,1,61,466,1635,14,594,117,3
Master,Single,31788.0,1,0,15,16,7,23,0,8,6,3,3,0,4,5,0,0,0,0,0,1,0,31,-78,60,10,23,15,2
PhD,Together,61905.0,0,1,2,167,0,43,6,2,13,2,4,2,4,5,0,0,0,0,0,0,0,39,-34,231,12,49,2,0
Graduation,Married,29315.0,1,1,55,13,2,14,8,7,4,4,2,0,4,6,0,0,0,0,0,0,0,54,-95,48,10,22,9,2
Graduation,Divorced,33378.0,1,1,38,33,6,40,3,7,10,3,2,0,4,7,0,0,0,0,0,0,0,51,329,99,9,43,13,2
PhD,Together,66313.0,0,1,86,625,7,99,10,22,7,2,6,3,12,4,0,0,0,0,0,0,0,51,107,770,23,109,29,1
Graduation,Single,60714.0,0,0,56,216,162,224,101,92,162,2,7,4,10,5,0,0,0,0,0,0,1,58,349,957,23,325,254,3
Master,Together,77882.0,0,0,29,68,129,396,188,22,15,1,3,3,5,1,0,0,0,0,0,0,0,33,-119,818,12,584,151,3
PhD,Single,69867.0,0,0,30,196,0,512,33,130,54,1,3,5,8,1,0,0,0,1,0,0,1,28,274,925,17,545,130,1
Master,Divorced,63841.0,0,1,64,635,15,100,20,7,131,1,9,3,9,6,0,0,0,0,0,0,0,46,255,908,22,120,22,1
Basic,Married,24480.0,1,0,46,4,19,9,28,25,17,3,3,0,4,7,0,0,0,0,0,0,0,33,324,102,10,37,44,2
Graduation,Together,51369.0,0,1,84,297,7,79,0,11,182,2,8,2,4,8,0,0,0,0,0,0,0,38,433,576,16,79,18,2
Graduation,Together,37760.0,0,0,20,84,5,38,150,12,28,2,4,1,6,7,0,0,0,0,0,0,0,68,488,317,13,188,17,2
PhD,Together,65640.0,0,1,74,204,7,149,20,15,66,1,5,1,8,2,0,0,0,0,0,0,0,40,-59,461,15,169,22,1
Master,Married,44319.0,1,1,18,26,0,8,0,0,3,2,2,0,3,5,0,0,0,0,0,0,0,39,-106,37,7,8,0,2
Graduation,Married,30631.0,1,0,75,15,6,20,4,5,20,1,3,1,2,7,0,0,0,0,0,0,0,40,173,70,7,24,11,2
Graduation,Together,75278.0,0,0,17,304,98,230,150,74,74,1,6,3,13,3,0,0,0,0,0,0,0,62,337,930,23,380,172,3
Master,Together,50898.0,1,1,88,285,28,242,55,114,135,13,6,2,12,5,0,0,0,0,0,0,0,58,358,859,33,297,142,1
Graduation,Widow,79946.0,0,0,19,395,183,565,166,141,28,1,5,11,5,3,0,0,0,0,0,0,0,48,-131,1478,22,731,324,3
Master,Divorced,35416.0,0,0,62,248,3,81,4,3,51,3,7,1,5,8,0,0,0,0,0,0,0,65,202,390,16,85,6,0
2n Cycle,Together,32414.0,0,0,11,20,6,5,0,9,12,1,1,0,3,7,1,0,0,0,0,0,0,30,181,52,5,5,15,2
Graduation,Together,38361.0,1,0,74,39,0,56,20,8,14,3,3,1,3,7,0,0,0,0,0,0,0,45,5,137,10,76,8,2
Graduation,Married,82497.0,0,0,32,777,129,573,216,21,203,1,2,7,9,4,0,0,1,0,0,0,0,34,427,1919,19,789,150,3
Graduation,Together,16626.0,2,0,76,8,3,22,21,1,13,3,3,0,3,9,0,0,0,0,0,0,0,43,-14,68,9,43,4,2
Graduation,Together,29672.0,1,1,6,9,1,3,0,4,8,1,0,0,3,6,0,0,0,0,0,0,0,49,295,25,4,3,5,2
Master,Together,55951.0,0,1,62,1241,0,80,0,13,40,3,3,6,11,8,0,1,0,0,1,0,0,62,496,1374,23,80,13,1
2n Cycle,Divorced,35388.0,1,0,20,6,4,7,4,3,8,1,1,0,3,7,0,0,0,0,0,0,0,26,300,32,5,11,7,2
Master,Together,42386.0,1,0,43,65,4,16,0,4,11,1,3,0,3,8,0,0,0,0,0,0,0,28,353,100,7,16,8,2
Graduation,Single,68627.0,0,0,45,395,15,263,60,54,38,1,2,3,6,1,0,0,0,0,0,0,0,32,354,825,12,323,69,3
PhD,Divorced,57912.0,0,1,34,801,0,80,0,0,35,5,8,3,12,5,0,1,0,0,0,0,0,49,-75,916,28,80,0,1
Graduation,Divorced,35246.0,1,1,53,36,0,12,2,2,10,4,3,1,3,5,0,0,0,0,0,0,0,56,-105,62,11,14,2,2
2n Cycle,Together,58821.0,0,1,44,513,14,154,19,0,28,1,9,2,9,6,0,0,0,0,0,0,0,58,81,728,21,173,14,1
PhD,Married,46377.0,1,0,89,37,0,46,4,3,0,1,2,1,3,4,0,0,0,0,0,0,0,36,-59,90,7,50,3,0
Graduation,Single,39747.0,1,0,43,80,15,93,20,13,52,3,5,1,4,8,0,0,0,0,0,0,0,26,-102,273,13,113,28,2
Graduation,Together,23976.0,1,0,68,14,1,21,2,3,25,3,3,1,3,7,0,0,0,0,0,0,0,30,5,66,10,23,4,2
Master,Married,80950.0,0,0,44,525,147,112,219,147,63,1,6,7,9,2,0,0,0,1,0,0,0,53,279,1213,23,331,294,3
Graduation,Widow,27038.0,0,0,64,1,26,25,17,23,15,1,3,0,3,9,0,0,0,0,0,0,1,48,470,107,7,42,49,2
Graduation,Single,77457.0,0,0,85,675,11,400,15,45,11,1,2,5,10,1,0,0,1,0,0,0,0,67,-63,1157,18,415,56,3
Master,Married,64100.0,0,1,93,509,0,27,0,0,10,1,8,3,6,7,0,1,0,0,0,0,0,50,113,546,18,27,0,0
Master,Together,42670.0,0,0,12,154,2,46,20,4,15,1,4,2,4,4,0,0,0,0,0,0,0,22,249,241,11,66,6,2
Graduation,Divorced,12571.0,1,0,86,3,5,14,2,12,17,4,3,1,3,6,0,0,0,0,0,0,0,38,-17,53,11,16,17,2
Graduation,Married,22574.0,2,1,28,25,0,8,2,0,2,2,2,0,3,7,0,0,0,0,0,0,0,47,65,37,7,10,0,2
Graduation,Married,51381.5,0,0,69,861,138,461,60,30,61,1,6,5,12,3,0,1,0,1,0,0,0,25,212,1611,24,521,168,3
Master,Single,70893.0,0,0,42,768,44,561,77,44,14,1,6,6,10,3,0,0,0,0,0,0,0,38,329,1508,23,638,88,3
Graduation,Married,54198.0,1,1,13,185,0,28,3,2,17,6,3,1,6,4,0,0,0,0,0,0,0,48,15,235,16,31,2,2
Master,Together,28839.0,1,1,86,24,0,7,0,0,1,2,2,0,3,5,0,0,0,0,0,0,0,58,-69,32,7,7,0,0
Graduation,Married,40321.0,1,1,59,44,4,21,6,0,27,2,3,0,3,7,0,0,0,0,0,0,0,42,156,102,8,27,4,2
Graduation,Single,66503.0,1,0,30,91,64,128,65,3,50,2,4,3,6,3,0,0,0,0,0,0,0,29,505,401,15,193,67,2
Graduation,Married,30833.0,1,1,33,11,0,7,3,1,6,2,1,0,3,5,0,0,0,0,0,0,0,63,169,28,6,10,1,2
Graduation,Single,51381.5,1,2,67,738,20,172,52,50,20,6,2,3,10,7,0,1,0,1,0,0,0,44,131,1052,21,224,70,2
Graduation,Married,64795.0,0,1,23,412,5,119,38,29,77,3,3,3,12,2,0,0,0,0,0,0,0,43,349,680,21,157,34,3
Graduation,Married,34421.0,1,0,81,3,3,7,6,2,9,1,1,0,2,7,0,0,0,0,0,0,0,40,184,30,4,13,5,2
PhD,Divorced,47025.0,1,1,6,16,0,3,0,0,1,1,1,0,2,7,0,0,0,0,0,0,0,49,-39,20,4,3,0,0
PhD,Divorced,64325.0,0,1,41,731,60,353,78,12,73,5,10,3,5,7,0,0,0,0,0,0,0,53,328,1307,23,431,72,1
Graduation,Single,40464.0,0,1,78,424,17,118,7,23,41,6,8,2,8,8,0,0,0,0,0,0,0,61,355,630,24,125,40,2
Graduation,Married,62187.0,0,0,49,792,0,275,45,45,126,1,4,8,5,3,0,0,0,0,0,0,0,57,180,1283,18,320,45,3
PhD,Divorced,14849.0,1,0,39,21,2,28,3,2,9,3,2,0,4,8,0,0,0,0,0,0,0,38,183,65,9,31,4,0
Graduation,Married,27255.0,1,0,3,22,1,11,0,1,2,1,1,0,3,7,0,0,0,0,0,0,0,30,55,37,5,11,2,2
PhD,Married,54432.0,2,1,37,33,0,5,0,0,0,1,1,0,3,4,0,0,0,0,0,0,0,64,237,38,5,5,0,0
PhD,Single,29999.0,1,0,22,68,7,59,10,5,11,4,3,1,4,8,0,0,0,0,0,0,0,28,322,160,12,69,12,0
Graduation,Single,24072.0,1,0,79,9,1,6,3,0,4,1,1,0,2,8,0,0,0,0,0,0,0,31,260,23,4,9,1,2
PhD,Single,33996.0,0,0,46,40,2,15,8,0,6,1,1,1,3,4,0,0,0,0,0,0,0,25,112,71,6,23,2,0
PhD,Married,66334.0,0,1,82,909,11,218,0,0,23,2,9,3,5,5,0,0,0,0,0,0,1,58,273,1161,19,218,11,1
Master,Married,35178.0,1,0,10,23,1,13,2,2,18,1,1,1,2,7,1,0,0,0,0,0,1,43,356,59,5,15,3,2
Graduation,Together,22010.0,1,0,51,11,2,9,3,0,8,2,2,0,3,8,0,0,0,0,0,0,0,31,185,33,7,12,2,2
Graduation,Divorced,62204.0,0,2,38,317,46,247,151,46,139,1,4,5,12,3,0,0,0,0,0,0,0,54,476,946,22,398,92,3
Graduation,Divorced,75693.0,0,0,10,797,153,293,72,97,30,1,11,4,6,4,0,1,1,1,0,0,1,46,391,1442,22,365,250,3
Graduation,Married,30675.0,1,0,14,10,2,16,11,2,21,1,1,0,3,8,0,0,0,0,0,0,0,42,415,62,5,27,4,2
Graduation,Together,83003.0,0,0,18,856,61,570,40,25,122,1,7,6,8,3,0,0,1,0,0,0,1,49,304,1674,22,610,86,3
Graduation,Single,68655.0,0,0,95,456,19,832,75,118,38,1,4,5,11,3,0,0,0,0,0,0,0,26,509,1538,21,907,137,3
Graduation,Divorced,41411.0,0,0,11,37,32,38,11,3,18,1,2,1,4,6,0,0,0,0,0,0,0,28,25,139,8,49,35,2
PhD,Married,55212.0,0,1,65,1103,0,45,0,0,34,3,4,2,11,8,0,1,0,0,1,0,0,45,404,1182,20,45,0,1
PhD,Together,59292.0,0,1,71,378,14,68,19,14,14,2,3,5,8,3,0,0,0,0,0,0,0,64,202,507,18,87,28,1
Basic,Together,27190.0,1,0,13,1,6,7,0,1,3,1,1,0,2,8,1,0,0,0,0,0,1,41,139,18,4,7,7,2
Graduation,Divorced,82623.0,0,0,58,204,34,204,172,153,173,1,2,9,4,1,0,0,0,0,0,0,0,62,52,940,16,376,187,3
Graduation,Married,44300.0,1,1,65,30,0,9,0,0,3,2,1,0,3,6,0,0,0,0,0,0,0,49,192,42,6,9,0,2
Graduation,Divorced,84835.0,0,0,0,189,104,379,111,189,218,1,4,4,6,1,0,0,0,0,0,0,1,44,-166,1190,15,490,293,3
Graduation,Widow,30372.0,1,1,33,15,0,12,7,3,7,3,2,0,3,7,0,0,0,0,0,0,0,43,372,44,8,19,3,2
Master,Married,33181.0,1,0,90,9,0,3,0,0,4,1,1,0,2,6,1,0,0,0,0,0,0,38,-2,16,4,3,0,2
Graduation,Married,71113.0,0,1,95,495,33,255,11,33,8,4,6,7,9,4,0,0,0,0,0,0,0,57,15,835,26,266,66,3
Graduation,Married,71952.0,1,0,93,656,80,455,52,107,93,2,8,4,8,4,1,0,1,0,0,0,0,28,356,1443,22,507,187,3
PhD,Single,69759.0,0,0,38,452,20,514,13,30,0,3,4,6,5,3,0,0,0,0,0,0,1,48,65,1029,18,527,50,1
Graduation,Married,72099.0,0,0,18,546,91,410,119,0,22,1,3,4,10,1,0,0,0,0,0,0,0,40,431,1188,18,529,91,3
PhD,Single,60000.0,0,1,57,1048,0,217,0,0,12,5,11,3,5,6,0,0,0,0,0,0,0,38,375,1277,24,217,0,1
Graduation,Single,38643.0,1,1,45,22,2,14,0,1,10,2,2,0,3,7,0,0,0,0,0,1,0,36,33,49,7,14,3,2
Graduation,Married,50737.0,0,1,61,78,0,11,0,0,10,1,2,0,4,6,0,1,0,0,0,0,0,59,235,99,7,11,0,2
PhD,Married,68462.0,0,0,6,561,64,785,84,128,48,1,3,3,8,1,0,0,0,0,0,0,0,45,385,1670,15,869,192,1
Master,Married,65073.0,0,0,65,629,17,177,69,0,8,1,5,3,5,2,0,0,0,0,0,1,0,71,134,900,14,246,17,1
PhD,Together,46681.0,0,2,52,269,15,69,15,19,38,2,4,6,4,5,0,0,0,0,0,0,0,66,85,425,16,84,34,0
Graduation,Married,78618.0,0,0,87,736,163,818,212,163,61,1,4,7,10,2,0,1,0,0,0,0,0,57,460,2153,22,1030,326,3
PhD,Widow,62187.0,0,1,38,512,0,83,0,0,41,3,6,2,10,4,0,0,0,0,0,0,0,45,-80,636,21,83,0,1
Graduation,Married,28442.0,2,0,53,19,3,10,11,8,6,3,2,1,4,4,0,0,0,0,0,0,0,36,-54,57,10,21,11,2
PhD,Married,37717.0,1,0,31,9,0,6,4,1,5,1,1,0,2,9,0,0,0,0,0,0,0,36,404,25,4,10,1,0
Graduation,Married,51479.0,1,1,67,247,8,160,6,8,65,7,6,3,6,7,0,0,0,0,0,0,0,47,369,494,22,166,16,2
Graduation,Single,54803.0,0,1,65,404,0,92,28,27,142,2,6,2,9,4,0,0,0,0,0,0,0,45,498,693,19,120,27,3
Graduation,Married,79530.0,0,0,64,333,0,815,129,42,29,1,4,10,11,2,0,0,0,0,0,0,0,54,229,1348,26,944,42,3
Graduation,Divorced,31615.0,1,0,82,2,3,20,6,11,9,2,2,0,3,7,0,0,0,0,0,0,0,38,291,51,7,26,14,2
Graduation,Together,72025.0,0,0,27,833,33,549,151,133,233,1,4,3,8,3,0,0,0,0,0,0,0,52,410,1932,16,700,166,3
PhD,Single,52614.0,0,1,63,789,0,142,12,9,38,2,2,4,8,8,0,0,0,0,0,0,0,39,396,990,16,154,9,1
2n Cycle,Married,35684.0,1,0,66,10,4,7,0,6,3,1,1,0,3,6,0,0,0,0,0,0,0,30,-111,30,5,7,10,2
Graduation,Married,48178.0,1,1,69,159,4,45,6,2,38,6,5,1,4,8,0,0,0,0,0,0,0,39,430,254,16,51,6,2
Master,Single,29548.0,1,0,52,7,1,6,3,1,11,1,1,1,2,4,1,0,0,0,0,0,0,44,125,29,5,9,2,2
Graduation,Single,63810.0,0,1,45,977,12,253,16,12,101,4,4,3,12,8,0,1,0,0,0,0,0,48,416,1371,23,269,24,3
PhD,Single,38578.0,1,1,2,38,4,22,3,3,3,3,3,0,3,8,0,0,0,0,0,0,1,42,193,73,9,25,7,0
Master,Single,46098.0,1,1,86,57,0,27,0,0,36,4,3,2,2,8,0,0,0,0,0,0,0,39,501,120,11,27,0,2
Graduation,Single,22585.0,0,0,23,3,9,15,13,2,39,1,1,1,2,9,1,0,0,0,0,0,1,44,289,81,5,28,11,2
Graduation,Single,30279.0,1,0,13,10,4,14,4,4,1,1,1,0,3,8,0,0,0,0,0,0,0,25,367,37,5,18,8,2
PhD,Together,66426.0,0,1,14,1043,24,97,32,24,157,2,3,5,10,6,0,0,0,0,0,0,0,53,91,1377,20,129,48,1
Graduation,Single,30822.0,1,0,92,3,9,13,2,12,12,1,1,0,3,7,0,0,0,0,0,0,0,45,201,51,5,15,21,2
PhD,Married,33581.0,2,0,38,11,0,5,0,0,1,1,1,0,2,8,0,0,0,0,0,0,0,45,358,17,4,5,0,0
Graduation,Married,19986.0,1,0,74,3,6,5,0,2,6,1,0,0,3,7,0,0,0,0,0,0,0,29,48,22,4,5,8,2
Graduation,Widow,27421.0,0,0,14,43,12,96,78,40,55,3,4,1,6,7,0,0,0,0,0,0,0,60,385,324,14,174,52,2
2n Cycle,Married,35688.0,2,1,94,73,3,90,12,1,32,7,4,1,4,8,0,0,0,0,0,0,0,41,497,211,16,102,4,0
Master,Single,36143.0,1,0,33,12,0,1,0,0,6,1,0,1,2,3,0,0,0,0,0,0,0,33,-88,19,4,1,0,2
Graduation,Single,10245.0,1,0,32,4,7,7,6,4,13,3,1,2,2,5,0,0,0,0,0,0,0,43,231,41,8,13,11,2
Master,Together,43795.0,0,1,11,314,11,53,4,3,107,3,7,3,4,7,0,1,0,0,0,0,1,46,77,492,17,57,14,0
Graduation,Together,63381.0,0,1,78,571,50,142,33,50,159,4,4,5,13,2,0,0,0,0,0,0,0,54,453,1005,26,175,100,3
Graduation,Together,38823.0,0,1,56,70,0,11,2,8,23,1,2,1,3,6,0,0,0,0,0,0,0,65,489,114,7,13,8,2
PhD,Divorced,83664.0,1,1,57,866,21,151,28,21,86,3,2,2,12,5,0,0,0,0,0,0,0,46,238,1173,19,179,42,1
Graduation,Together,90300.0,0,0,7,594,134,786,33,134,57,0,5,6,8,1,0,0,1,0,0,0,0,35,-2,1738,19,819,268,3
Master,Together,62499.0,1,0,0,140,4,61,0,13,4,2,3,1,6,4,0,0,0,0,0,0,0,35,23,222,12,61,17,0
Graduation,Single,74293.0,0,0,66,375,152,335,93,91,81,1,5,4,6,2,0,0,0,0,0,0,0,21,-123,1127,16,428,243,3
PhD,Married,51012.0,0,0,86,102,9,63,2,9,24,1,4,1,4,6,0,0,0,0,0,0,0,68,258,209,10,65,18,0
Master,Married,70777.0,0,1,80,554,35,113,0,7,78,3,5,3,12,3,0,0,0,0,0,0,0,46,-55,787,23,113,42,1
PhD,Together,68682.0,0,0,56,919,0,505,99,30,45,1,4,9,10,2,0,0,0,0,0,0,0,23,87,1598,24,604,30,1
Graduation,Married,43824.0,1,1,18,96,1,42,12,3,32,4,3,1,4,8,0,0,0,0,0,0,0,43,473,186,12,54,4,2
Graduation,Together,15345.0,1,0,51,5,2,16,3,2,19,2,1,1,2,8,0,0,0,0,0,0,1,30,488,47,6,19,4,2
Graduation,Single,23442.0,1,0,71,2,0,6,8,6,5,1,1,0,3,7,0,0,0,0,0,0,0,27,373,27,5,14,6,2
2n Cycle,Together,14515.0,1,0,71,6,4,9,6,36,35,4,2,2,3,7,0,0,0,0,0,0,1,34,418,96,11,15,40,2
2n Cycle,Divorced,31395.0,1,1,80,23,1,25,0,8,7,4,2,1,3,6,0,0,0,0,0,0,0,58,284,64,10,25,9,0
Graduation,Together,75276.0,0,0,2,610,105,125,137,42,21,1,9,4,9,5,0,0,0,0,0,0,0,49,461,1040,23,262,147,3
Graduation,Single,42373.0,1,1,83,67,5,61,3,8,19,5,2,1,5,5,0,0,0,0,0,0,0,40,139,163,13,64,13,2
Graduation,Together,30507.0,0,0,29,65,36,74,38,20,110,1,5,1,4,7,0,0,0,0,0,0,0,54,296,343,11,112,56,2
PhD,Single,55521.0,1,2,11,416,0,26,0,0,4,9,6,3,6,7,0,1,0,0,0,0,1,59,71,446,24,26,0,0
Graduation,Married,48006.0,1,1,55,23,0,11,3,2,2,1,1,0,3,6,0,0,0,0,0,0,0,49,-159,41,5,14,2,2
PhD,Single,27213.0,1,0,19,19,3,26,10,9,3,3,2,0,4,8,0,0,0,0,0,0,1,42,489,70,9,36,12,0
PhD,Divorced,65808.0,1,1,1,155,7,80,13,7,10,3,5,1,5,6,0,0,0,0,0,0,0,43,-149,272,14,93,14,0
PhD,Together,30351.0,1,0,19,14,0,24,3,3,2,1,3,0,2,9,0,0,0,0,0,0,0,40,209,46,6,27,3,0
Graduation,Married,50437.0,0,2,28,370,9,92,6,9,4,3,7,1,8,7,0,0,0,0,0,0,0,51,441,490,19,98,18,2
2n Cycle,Single,23616.0,1,0,76,4,22,11,3,7,32,2,3,0,3,8,0,0,0,0,0,0,1,32,410,79,8,14,29,2
Graduation,Married,53858.0,0,1,50,407,53,221,58,150,26,4,4,3,6,4,0,0,0,0,0,0,0,38,418,915,17,279,203,3
PhD,Married,66465.0,0,1,1,1200,0,204,38,29,14,3,11,9,12,6,0,0,0,1,0,0,0,59,277,1485,35,242,29,1
Graduation,Single,46923.0,1,0,90,85,44,54,102,78,6,3,5,1,7,7,0,0,0,0,0,0,0,27,497,369,16,156,122,2
Graduation,Together,75072.0,0,1,83,583,34,309,0,22,125,2,5,4,8,3,0,0,0,0,0,0,0,52,343,1073,19,309,56,3
PhD,Married,75865.0,0,0,73,483,0,591,156,0,12,1,3,5,10,1,0,0,0,0,0,0,0,71,-89,1242,19,747,0,1
2n Cycle,Together,19789.0,1,0,24,2,5,9,28,6,28,3,2,1,3,5,1,0,0,0,0,0,0,39,42,78,9,37,11,2
Graduation,Together,80134.0,0,0,11,966,26,282,52,26,26,1,2,7,11,5,0,1,1,1,1,0,0,20,-44,1378,21,334,52,3
Graduation,Single,91065.0,0,0,33,822,114,108,179,137,114,1,7,9,9,3,0,0,1,1,0,0,1,33,313,1474,26,287,251,3
Master,Married,49505.0,1,1,4,604,0,100,19,0,28,9,10,2,8,8,0,0,0,0,0,0,0,43,302,751,29,119,0,0
PhD,Married,37401.0,1,0,14,19,3,19,3,1,3,2,2,0,3,7,0,0,0,0,0,0,0,41,-125,48,7,22,4,0
Graduation,Married,30096.0,1,0,30,5,3,11,12,5,9,1,2,0,3,6,0,0,0,0,0,0,0,31,-141,45,6,23,8,2
Master,Together,18492.0,1,0,75,2,2,2,2,1,1,1,1,0,2,8,0,0,0,0,0,0,0,32,-155,10,4,4,3,2
Master,Married,82584.0,0,0,26,1076,68,103,29,91,68,1,3,4,8,1,0,1,1,0,0,0,1,40,211,1435,16,132,159,3
PhD,Married,93027.0,0,0,77,1285,42,716,55,0,21,0,7,10,5,2,0,0,1,0,0,0,0,73,263,2119,22,771,42,1
Graduation,Married,48686.0,1,2,8,10,0,7,2,0,1,1,1,0,2,8,0,0,0,0,0,0,0,61,28,20,4,9,0,2
Graduation,Married,92910.0,0,0,42,551,137,792,179,103,33,1,6,7,13,1,0,1,1,1,0,0,0,28,-113,1795,27,971,240,3
Graduation,Married,75433.0,1,0,28,800,0,297,0,34,57,2,2,5,10,6,0,1,0,1,0,0,0,25,-94,1188,19,297,34,3
2n Cycle,Together,10404.0,1,0,52,2,2,11,10,6,12,2,1,0,4,5,0,0,0,0,0,0,0,25,-123,43,7,21,8,2
Graduation,Married,61314.0,0,1,1,378,0,189,97,172,172,2,5,5,12,3,0,0,0,0,0,0,0,46,251,1008,24,286,172,3
PhD,Single,84865.0,0,0,1,1248,16,349,43,16,16,1,2,4,9,4,0,1,1,1,1,0,1,53,237,1688,16,392,32,1
Graduation,Married,42387.0,1,0,42,235,0,235,19,4,191,5,8,1,7,8,0,0,0,0,0,0,0,25,429,684,21,254,4,2
2n Cycle,Together,67309.0,1,1,76,515,47,181,149,95,95,15,9,6,9,7,0,0,0,0,0,0,0,47,343,1082,39,330,142,1
Graduation,Married,75236.0,0,1,27,438,66,400,12,38,114,1,8,3,13,4,0,0,0,0,0,0,0,50,37,1068,25,412,104,3
Graduation,Single,30015.0,1,0,28,25,0,22,2,3,5,2,1,0,4,5,0,0,0,0,0,0,0,44,-32,57,7,24,3,2
Master,Together,50943.0,0,1,49,31,0,7,2,0,6,1,1,0,3,5,0,0,0,0,0,0,0,58,194,46,5,9,0,0
Graduation,Divorced,67272.0,0,1,12,357,35,271,28,28,14,3,6,2,12,5,0,0,0,0,0,0,0,48,11,733,23,299,63,3
Master,Widow,51529.0,0,1,14,400,4,35,6,0,22,2,9,1,5,8,0,0,0,0,0,0,0,65,116,467,17,41,4,0
PhD,Married,32011.0,1,0,89,99,0,15,2,1,5,3,2,1,4,7,0,0,0,0,0,0,0,43,132,122,10,17,1,0
2n Cycle,Married,7500.0,1,0,96,1,11,5,4,6,9,2,2,0,3,8,0,0,0,0,0,0,0,28,328,36,7,9,17,2
Graduation,Married,28691.0,1,0,56,5,4,13,8,0,4,1,1,0,3,8,0,0,0,0,0,0,0,25,181,34,5,21,4,2
PhD,Married,56223.0,0,1,72,77,28,31,16,0,4,2,2,1,5,4,0,0,0,0,0,0,0,66,12,156,10,47,28,0
Graduation,Married,18100.0,0,0,14,3,1,2,4,3,1,1,0,0,3,5,0,0,0,0,0,0,0,68,148,14,4,6,4,2
Graduation,Single,30279.0,1,0,13,10,4,14,4,4,1,1,1,0,3,8,0,0,0,0,0,0,0,25,367,37,5,18,8,2
2n Cycle,Married,20130.0,0,0,99,0,6,3,7,6,12,1,1,0,3,8,0,0,0,0,0,0,0,40,-75,34,5,10,12,2
Graduation,Divorced,23295.0,0,0,72,0,0,1,2,12,5,1,1,0,2,8,0,0,0,0,0,0,0,55,172,20,4,3,12,2
Master,Divorced,42618.0,1,0,92,76,14,74,13,5,10,2,5,0,4,8,0,0,0,0,0,0,0,42,84,192,11,87,19,2
Graduation,Single,81246.0,0,0,87,398,190,537,61,156,37,1,4,5,7,1,1,0,0,1,0,0,0,50,3,1379,17,598,346,3
Graduation,Married,24027.0,1,0,7,14,7,11,11,0,5,2,2,0,3,8,0,0,0,0,0,0,0,38,206,48,7,22,7,2
PhD,Married,55707.0,0,1,91,208,7,82,30,66,35,2,3,2,9,3,0,0,0,0,0,0,0,61,10,428,16,112,73,1
Graduation,Single,57959.0,0,1,71,430,16,322,43,24,33,5,4,7,11,3,0,0,0,0,0,0,0,59,244,868,27,365,40,3
Graduation,Married,56796.0,0,1,24,656,38,161,62,47,37,3,8,9,7,7,0,0,0,0,0,0,0,45,319,1001,27,223,85,3
Master,Single,36230.0,1,0,17,14,2,30,8,2,3,1,2,0,4,5,0,0,0,0,0,0,0,43,76,59,7,38,4,2
2n Cycle,Married,70829.0,1,1,87,141,70,106,72,19,23,2,4,2,8,3,0,0,0,0,0,0,0,34,31,431,16,178,89,0
Graduation,Married,65991.0,0,1,21,507,19,364,25,47,9,3,9,5,10,7,0,0,0,0,0,0,0,38,481,971,27,389,66,3
Graduation,Married,38988.0,1,2,90,164,24,103,12,3,42,7,5,1,6,8,0,0,0,0,0,0,0,42,499,348,19,115,27,2
2n Cycle,Single,89572.0,0,0,44,606,24,974,197,194,64,1,7,7,9,4,0,1,0,1,0,0,1,48,473,2059,24,1171,218,3
Master,Married,42207.0,1,0,71,116,11,72,3,17,46,4,4,1,5,6,1,0,0,0,0,0,1,30,275,265,14,75,28,2
Graduation,Married,50300.0,0,1,52,143,15,60,24,23,5,2,2,1,8,2,0,0,0,0,0,0,0,62,-144,270,13,84,38,2
2n Cycle,Together,66664.0,0,0,78,398,96,447,220,96,32,1,5,7,6,3,0,0,0,0,0,0,0,32,463,1289,19,667,192,3
Graduation,Married,60597.0,0,1,2,522,0,257,32,16,66,4,2,2,8,7,0,0,0,1,0,0,1,50,0,893,16,289,16,3
Graduation,Widow,70165.0,0,0,60,161,0,253,199,191,122,1,3,7,11,1,0,0,0,0,0,0,0,65,101,926,22,452,191,3
PhD,Widow,50520.0,0,1,25,112,0,6,2,1,14,2,3,1,3,6,0,0,0,0,0,0,0,56,-27,135,9,8,1,0
Graduation,Married,80124.0,0,0,47,483,84,398,205,84,241,1,3,7,8,1,1,0,0,0,0,0,0,51,-176,1495,19,603,168,3
Graduation,Married,33183.0,1,0,46,7,5,39,17,15,37,2,4,0,3,7,0,0,0,0,0,0,0,39,-54,120,9,56,20,2
PhD,Single,66582.0,0,0,83,789,25,420,16,38,0,1,2,8,9,1,0,0,0,0,0,0,0,45,-61,1288,20,436,63,1
PhD,Together,75261.0,0,0,17,1239,17,413,23,34,17,1,5,6,5,2,0,1,1,0,0,0,1,59,253,1743,17,436,51,1
Graduation,Widow,31880.0,1,0,13,4,1,5,2,0,3,1,1,0,2,8,0,0,0,0,0,0,0,44,427,15,4,7,1,2
Graduation,Married,53790.0,0,2,86,335,42,127,28,5,5,3,7,2,8,6,0,0,0,0,0,0,0,63,-64,542,20,155,47,0
PhD,Together,49269.0,1,0,92,639,8,166,11,8,58,3,7,3,12,7,0,0,0,0,0,0,0,43,504,890,25,177,16,1
Graduation,Married,61456.0,0,1,47,563,76,384,84,192,89,4,6,10,13,4,0,0,0,0,0,0,0,39,280,1388,33,468,268,3
Graduation,Married,37406.0,1,0,18,2,0,8,2,2,3,1,1,0,2,8,0,0,0,0,0,0,1,34,83,17,4,10,2,2
PhD,Together,56937.0,1,0,81,746,8,125,11,8,8,7,8,6,9,6,0,1,0,0,0,0,1,33,515,906,30,136,16,1
Graduation,Married,38415.0,1,1,91,22,1,13,4,0,4,2,1,0,3,7,0,0,0,0,0,0,0,36,364,44,6,17,1,2
Graduation,Single,20518.0,1,0,58,4,1,6,4,1,9,1,1,1,2,5,0,0,0,0,0,0,0,26,-137,25,5,10,2,2
Graduation,Married,62503.0,0,1,40,478,0,193,110,75,117,4,8,3,11,5,0,0,0,0,0,0,0,58,317,973,26,303,75,3
PhD,Single,41644.0,1,1,67,20,3,4,2,0,2,2,1,0,3,3,0,0,0,0,0,0,0,42,-128,31,6,6,3,0
Master,Married,55842.0,0,1,19,451,0,39,0,4,24,1,7,1,8,5,0,0,0,0,0,0,0,37,-142,518,17,39,4,0
PhD,Married,62010.0,0,1,93,371,22,39,6,0,92,4,6,2,7,5,0,0,0,0,0,0,0,42,435,530,19,45,22,1
Graduation,Married,41124.0,1,0,41,281,7,84,15,0,119,7,7,3,4,8,0,0,0,0,0,0,0,37,427,506,21,99,7,2
Master,Married,38961.0,1,0,60,19,7,19,0,1,24,1,2,1,2,7,0,0,0,0,0,0,0,41,2,70,6,19,8,2
Master,Divorced,37760.0,1,0,54,26,3,13,2,10,0,1,2,0,3,6,0,0,0,0,0,0,0,42,143,54,6,15,13,2
Graduation,Single,32233.0,1,0,26,138,15,35,25,11,72,2,6,2,2,9,1,0,0,0,0,0,1,40,500,296,12,60,26,2
Graduation,Married,43057.0,0,1,30,213,2,44,0,2,5,4,4,2,5,5,0,0,0,0,0,0,0,39,63,266,15,44,4,2
Master,Together,83151.0,0,0,93,407,28,100,120,74,18,1,5,9,4,3,0,0,0,0,0,0,0,54,448,747,19,220,102,1
PhD,Divorced,78825.0,0,0,35,483,74,114,169,37,18,1,5,10,13,3,0,0,0,0,0,0,1,50,474,895,29,283,111,1
Master,Together,65104.0,0,1,4,738,0,232,13,20,50,2,3,5,7,7,0,0,0,0,0,0,0,38,48,1053,17,245,20,1
Graduation,Married,60093.0,0,1,92,502,12,109,16,6,90,2,7,2,10,6,0,0,0,0,0,0,0,40,189,735,21,125,18,3
Graduation,Married,14045.0,1,0,24,11,0,5,2,1,1,1,1,0,3,7,0,0,0,0,0,0,0,45,-25,20,5,7,1,2
2n Cycle,Widow,28457.0,0,0,96,24,1,108,29,29,14,1,4,1,4,8,0,0,0,0,0,0,0,62,430,205,10,137,30,0
PhD,Together,78952.0,0,1,11,1170,19,594,99,76,134,2,2,5,12,6,0,0,0,0,0,0,0,56,464,2092,21,693,95,1
Graduation,Divorced,46310.0,1,0,99,185,2,88,15,5,14,2,6,1,5,8,0,0,0,0,0,0,0,38,394,309,14,103,7,2
Graduation,Together,76005.0,0,0,72,983,20,389,240,50,40,1,3,5,13,6,0,0,0,1,0,0,0,59,313,1722,22,629,70,3
Master,Single,58308.0,0,1,77,691,0,69,10,0,130,4,2,6,3,8,0,0,0,0,0,0,0,50,354,900,15,79,0,1
PhD,Divorced,55614.0,0,0,85,504,13,131,8,0,26,1,9,4,6,7,0,1,0,0,0,0,0,70,35,682,20,139,13,1
Master,Divorced,59432.0,0,1,88,317,25,265,25,19,12,3,5,3,11,5,0,0,0,0,0,0,0,52,263,663,22,290,44,1
Graduation,Divorced,55563.0,0,1,22,29,1,9,2,0,2,1,2,0,3,3,0,0,0,0,0,0,0,36,-94,43,6,11,1,2
PhD,Together,78642.0,0,1,83,1396,0,322,46,35,17,1,4,9,4,6,0,0,0,0,0,0,0,43,255,1816,18,368,35,1
PhD,Together,67911.0,0,1,63,529,0,356,63,28,0,3,6,7,11,3,0,0,0,0,0,0,0,65,-141,976,27,419,28,1
Graduation,Married,65275.0,0,0,9,388,14,218,91,14,21,1,4,3,13,2,0,0,0,0,0,0,0,70,273,746,21,309,28,3
Graduation,Together,27203.0,1,1,92,13,2,21,4,0,24,2,1,1,2,8,0,0,0,0,0,0,0,64,513,64,6,25,2,2
Master,Together,48330.0,0,1,2,28,0,4,0,0,0,1,1,0,3,5,0,0,0,0,0,0,0,53,47,32,5,4,0,0
Basic,Married,24279.0,0,0,6,16,36,21,20,62,108,1,4,1,3,8,0,0,0,0,0,0,0,24,368,263,9,41,98,2
PhD,Married,64355.0,1,0,66,1047,0,140,67,38,153,2,4,3,12,8,0,0,0,0,0,0,0,29,495,1445,21,207,38,1
Master,Together,50943.0,0,1,49,31,0,7,2,0,6,1,1,0,3,5,0,0,0,0,0,0,0,58,194,46,5,9,0,0
Graduation,Widow,53653.0,0,0,29,815,10,239,28,10,108,2,10,4,12,6,0,0,0,0,0,0,0,61,420,1210,28,267,20,3
Graduation,Married,65665.0,0,1,77,225,162,387,106,36,29,1,5,10,8,3,0,0,0,0,0,0,0,38,30,945,24,493,198,3
Graduation,Single,81217.0,0,0,77,493,70,324,146,40,84,1,3,7,11,1,0,0,0,0,0,0,0,25,166,1157,22,470,110,3
Graduation,Married,34935.0,0,0,71,34,4,66,3,10,20,1,2,1,4,7,0,0,0,0,0,0,0,22,194,137,8,69,14,2
Graduation,Divorced,61250.0,0,1,49,382,138,65,60,26,59,6,5,2,12,5,0,0,0,0,0,0,0,55,381,730,25,125,164,3
PhD,Together,39665.0,1,0,97,127,1,56,0,1,31,3,4,2,3,7,1,0,0,0,0,0,0,33,221,216,12,56,2,0
Graduation,Single,60152.0,0,1,6,325,83,300,86,58,91,1,6,4,12,3,0,0,0,0,0,0,0,35,279,943,23,386,141,3
Graduation,Married,48920.0,0,2,93,238,17,68,8,10,6,3,6,2,5,7,0,1,0,0,0,0,0,50,73,347,16,76,27,2
Master,Together,89120.0,0,0,78,1168,92,408,72,129,55,1,5,6,7,1,0,0,1,0,0,0,0,55,-75,1924,19,480,221,3
PhD,Together,44124.0,0,1,62,284,0,55,0,6,52,4,6,2,5,8,0,0,0,0,0,0,0,68,235,397,17,55,6,0
Master,Single,81169.0,0,0,47,1288,20,613,80,61,27,1,5,7,9,2,0,0,0,0,0,0,0,39,262,2089,22,693,81,3
Graduation,Married,36443.0,1,1,9,65,0,46,4,3,20,4,3,1,3,8,0,0,0,0,0,0,0,53,332,138,11,50,3,2
Graduation,Single,26095.0,1,0,77,11,7,9,3,1,11,1,1,0,3,7,0,0,0,0,0,0,0,24,185,42,5,12,8,2
Graduation,Together,71367.0,0,0,24,227,23,389,42,21,75,1,4,5,7,2,0,0,0,0,0,0,0,55,131,777,17,431,44,3
Master,Married,80184.0,0,0,19,1035,134,670,25,38,0,1,6,3,10,3,0,0,1,1,0,0,0,70,-59,1902,20,695,172,3
Graduation,Divorced,30630.0,1,1,67,27,1,12,2,0,10,2,2,0,3,7,0,0,0,0,0,0,0,49,-26,52,7,14,1,2
Master,Single,73454.0,0,0,95,982,73,351,56,14,175,1,2,4,6,5,1,0,0,0,0,0,0,27,-59,1651,13,407,87,3
Graduation,Married,42691.0,0,0,48,179,2,64,38,17,58,1,5,1,6,5,0,0,0,0,0,0,0,23,138,358,13,102,19,2
Graduation,Married,70503.0,0,0,73,1379,33,216,0,33,66,1,2,4,9,6,0,1,1,0,0,0,0,61,458,1727,16,216,66,3
Graduation,Married,25545.0,1,0,35,32,1,64,16,12,85,3,2,2,3,6,0,0,0,0,0,0,1,27,480,210,10,80,13,2
Graduation,Married,32880.0,1,0,76,8,4,15,7,6,2,1,1,0,3,8,0,0,0,0,0,0,0,28,393,42,5,22,10,2
PhD,Together,77863.0,0,0,20,881,38,319,16,25,12,1,4,5,10,2,0,0,0,0,0,0,0,56,35,1291,20,335,63,1
Master,Married,50353.0,0,0,72,141,15,153,67,31,35,1,4,4,6,3,0,0,0,0,0,0,0,37,-158,442,15,220,46,0
Graduation,Single,61839.0,0,0,20,1000,155,379,224,17,120,1,4,8,4,8,0,0,0,0,0,0,0,50,507,1895,17,603,172,3
PhD,Married,49154.0,1,1,69,206,10,67,30,27,71,6,4,1,8,6,0,0,0,0,0,0,0,54,59,411,19,97,37,0
2n Cycle,Widow,47682.0,0,1,80,162,61,83,97,57,61,4,4,3,8,5,0,0,0,0,0,0,0,39,320,521,19,180,118,0
Graduation,Single,72679.0,0,1,65,619,54,260,127,54,54,1,4,7,5,1,0,0,0,0,0,0,0,45,105,1168,17,387,108,3
Master,Together,57954.0,1,1,52,456,4,24,0,0,9,7,8,2,6,7,0,1,0,0,0,0,0,37,-168,493,23,24,4,0
Graduation,Married,65316.0,1,1,65,112,6,92,3,9,38,2,3,2,5,4,0,0,0,0,0,0,0,52,252,260,12,95,15,2
Graduation,Single,28567.0,1,0,57,11,3,22,2,2,6,2,2,0,3,6,0,0,0,0,0,0,0,32,198,46,7,24,5,2
Master,Together,47352.0,0,1,70,172,12,112,8,0,15,4,6,1,5,7,0,0,0,0,0,0,0,63,265,319,16,120,12,0
Graduation,Together,44931.0,0,1,0,78,0,11,0,0,7,1,2,1,3,5,0,0,0,0,0,0,0,47,-17,96,7,11,0,2
Graduation,Divorced,76982.0,0,0,19,464,151,292,65,60,30,1,8,3,4,4,0,0,1,0,0,0,1,47,-45,1062,16,357,211,3
2n Cycle,Together,57247.0,0,1,50,99,4,32,37,54,6,2,2,1,7,2,0,0,0,0,0,0,0,62,146,232,12,69,58,0
Master,Single,22944.0,1,0,67,19,3,19,4,5,26,3,3,0,3,7,0,0,0,0,0,0,0,33,9,76,9,23,8,2
2n Cycle,Together,25315.0,1,0,46,1,9,8,11,3,22,3,3,0,3,8,0,0,0,0,0,0,0,37,55,54,9,19,12,2
Graduation,Widow,43638.0,0,1,37,63,10,83,7,19,19,2,4,1,4,7,0,0,0,0,0,0,0,45,513,201,11,90,29,2
PhD,Single,42710.0,1,0,38,252,3,42,4,3,102,2,4,5,3,6,0,0,0,0,0,0,0,30,399,406,14,46,6,0
PhD,Married,84169.0,0,0,9,1478,19,403,0,19,0,1,7,6,6,3,0,1,1,0,0,0,1,32,147,1919,20,403,38,1
Graduation,Together,54058.0,0,1,56,198,18,252,32,108,54,2,4,6,8,3,0,0,0,0,0,0,0,38,211,662,20,284,126,3
2n Cycle,Married,24683.0,1,0,98,8,4,10,6,7,6,2,2,0,4,5,0,0,0,0,0,0,0,24,-66,41,8,16,11,2
Graduation,Widow,85620.0,0,0,68,416,46,925,60,107,46,1,3,6,4,1,0,0,0,0,0,0,1,50,-6,1600,14,985,153,3
Graduation,Married,47850.0,1,0,72,42,7,43,20,12,10,1,3,0,4,6,0,0,0,0,0,0,0,34,29,134,8,63,19,2
Graduation,Married,19514.0,1,1,47,14,3,21,2,1,28,4,3,1,2,8,1,0,0,0,0,0,1,46,-25,69,10,23,4,2
Master,Married,27159.0,1,1,33,17,0,3,0,0,1,2,1,0,3,6,0,0,0,0,0,0,0,41,-87,21,6,3,0,2
2n Cycle,Single,39548.0,1,1,87,15,4,10,3,4,18,2,1,1,3,3,0,0,0,0,0,0,0,51,-89,54,7,13,8,2
Graduation,Single,21474.0,1,0,0,6,16,24,11,0,34,2,3,1,2,7,1,0,0,0,0,0,1,25,-97,91,8,35,16,2
PhD,Single,60504.0,0,1,73,458,0,24,6,4,34,2,6,2,8,6,0,0,0,0,0,0,0,43,-37,526,18,30,4,0
Graduation,Married,22419.0,0,0,74,30,3,47,19,21,42,1,3,2,2,8,0,0,0,0,0,0,0,51,258,162,8,66,24,2
Master,Married,81698.0,0,0,4,179,28,520,111,123,47,1,3,8,13,1,0,0,0,0,0,0,1,65,56,1008,25,631,151,3
Graduation,Together,43462.0,1,1,50,90,17,97,15,6,15,6,4,1,5,8,0,0,0,0,0,0,0,62,476,240,16,112,23,2
PhD,Single,54880.0,1,0,57,308,85,137,102,45,118,2,6,2,11,5,0,0,0,0,0,0,0,36,306,795,21,239,130,1
Graduation,Married,79908.0,0,0,30,557,129,761,29,185,111,1,5,6,7,2,0,0,1,0,0,0,0,32,271,1772,19,790,314,3
2n Cycle,Married,15315.0,0,0,27,7,4,13,15,8,17,2,2,0,4,5,0,0,0,0,0,0,0,44,151,64,8,28,12,2
Graduation,Together,87771.0,0,1,61,1492,38,287,50,57,33,1,5,10,4,6,0,1,1,1,1,0,1,55,224,1957,20,337,95,3
Graduation,Married,33039.0,1,0,4,30,8,12,8,8,12,1,2,0,4,5,0,0,0,0,0,0,0,36,114,78,7,20,16,2
Graduation,Single,81741.0,0,0,75,249,153,940,58,134,38,0,6,6,7,2,0,0,0,0,0,0,0,34,199,1572,19,998,287,3
Master,Together,71499.0,0,1,12,465,25,132,136,0,37,2,8,3,13,4,0,0,0,0,0,0,0,43,190,795,26,268,25,1
2n Cycle,Married,62466.0,0,1,13,129,129,259,168,121,83,5,6,3,12,4,0,0,0,0,0,0,0,44,-14,889,26,427,250,3
PhD,Divorced,48799.0,0,1,9,174,18,81,28,6,24,3,3,2,7,3,0,0,0,0,0,0,0,51,57,331,15,109,24,0
PhD,Together,52157.0,0,1,48,189,2,29,3,2,40,2,3,2,5,4,0,0,0,0,0,0,0,64,-157,265,12,32,4,0
Graduation,Single,66565.0,0,1,80,747,10,161,65,40,42,4,4,2,9,8,0,0,0,0,0,0,0,52,392,1065,19,226,50,3
Master,Together,29298.0,1,1,60,6,0,2,2,0,1,1,1,0,2,5,0,0,0,0,0,0,0,63,116,11,4,4,0,0
Graduation,Single,47691.0,0,1,43,14,0,3,0,0,4,1,1,0,2,6,0,0,0,0,0,0,0,35,180,21,4,3,0,2
Graduation,Together,38200.0,1,1,19,12,0,4,0,0,1,1,1,0,2,7,0,0,0,0,0,0,0,44,390,17,4,4,0,2
Graduation,Married,44989.0,0,1,26,98,0,106,49,10,106,5,5,1,5,6,0,0,0,0,0,0,0,40,476,369,16,155,10,2
PhD,Married,38443.0,1,1,58,32,0,5,0,0,1,2,1,0,3,7,0,0,0,0,0,0,0,46,-26,38,6,5,0,0
2n Cycle,Single,38593.0,1,0,42,51,12,49,17,24,24,3,4,1,3,8,0,0,0,0,0,0,0,36,110,177,11,66,36,2
PhD,Together,64413.0,0,1,27,200,5,44,0,10,20,1,5,1,5,5,0,0,0,0,0,0,0,44,153,279,12,44,15,0
Master,Married,36959.0,1,0,56,25,6,25,6,0,0,2,2,0,3,8,0,0,0,0,0,0,0,33,91,62,7,31,6,2
PhD,Married,61996.0,0,1,27,1050,12,144,0,0,24,3,6,4,8,5,0,1,0,1,1,0,1,37,335,1230,21,144,12,1
Graduation,Married,51287.0,1,1,10,117,0,22,13,0,30,3,4,1,3,7,0,0,0,0,0,0,0,46,-90,182,11,35,0,2
Graduation,Married,13260.0,1,1,48,9,4,17,10,2,7,4,3,0,3,8,0,0,0,0,0,0,0,44,131,49,10,27,6,2
PhD,Together,47472.0,1,1,39,56,0,11,0,0,8,2,2,0,4,5,0,0,0,0,0,0,0,48,107,75,8,11,0,0
Master,Together,54603.0,1,1,85,145,13,46,17,2,4,6,4,2,4,7,0,0,0,0,0,0,0,58,176,227,16,63,15,0
PhD,Married,45207.0,1,1,64,203,0,10,0,0,2,5,3,1,6,6,0,1,0,0,0,0,0,40,417,215,15,10,0,0
Graduation,Together,40689.0,0,1,69,270,3,27,39,6,99,7,7,1,5,8,0,0,0,0,0,0,0,63,289,444,20,66,9,2
2n Cycle,Together,47821.0,1,1,54,9,0,16,6,6,10,1,1,0,3,8,0,0,0,0,0,0,0,47,73,47,5,22,6,0
Master,Married,27450.0,0,0,57,37,12,23,8,11,52,1,2,1,3,7,0,0,0,0,0,0,0,63,261,143,7,31,23,0
Graduation,Together,39453.0,1,0,64,46,0,7,0,0,2,2,2,0,3,6,0,0,0,0,0,0,0,31,-92,55,7,7,0,2
2n Cycle,Together,26850.0,1,1,10,31,1,13,7,2,9,4,2,1,4,4,0,0,0,0,0,0,0,43,-107,63,11,20,3,0
Graduation,Widow,79800.0,0,0,65,1060,21,530,32,0,224,1,5,11,5,3,1,0,1,1,0,0,1,59,465,1867,22,562,21,3
Master,Married,61794.0,0,1,74,264,47,188,54,47,11,2,4,4,10,2,0,0,0,0,0,0,0,53,109,611,20,242,94,1
Graduation,Together,53863.0,0,1,4,399,4,30,6,4,30,3,7,1,7,7,0,1,0,0,0,0,0,59,-136,473,18,36,8,0
Graduation,Together,24221.0,0,0,94,8,9,9,2,5,22,1,1,1,3,4,0,0,0,0,0,0,0,55,134,55,6,11,14,2
PhD,Single,39684.0,1,0,41,19,0,35,6,4,17,2,2,1,2,7,0,0,0,0,0,1,1,30,446,81,7,41,4,0
Master,Married,92163.0,0,0,25,817,183,797,106,163,20,0,5,11,5,2,0,0,1,1,0,0,1,39,385,2086,21,903,346,3
Master,Single,69882.0,0,0,94,292,127,635,132,127,165,1,3,7,9,1,0,0,0,0,0,0,0,49,52,1478,20,767,254,3
Graduation,Together,33178.0,1,0,9,12,6,2,11,2,16,1,1,0,3,4,0,0,0,0,0,0,0,37,-29,49,5,13,8,2
PhD,Married,59973.0,0,0,47,130,30,168,20,34,0,1,3,4,7,1,0,0,0,0,0,0,0,42,112,382,15,188,64,1
Master,Together,17459.0,1,0,12,6,4,16,3,10,30,3,3,1,2,7,0,0,0,0,0,0,1,39,104,69,9,19,14,2
Graduation,Divorced,23910.0,1,0,80,16,12,18,7,1,13,1,2,0,3,7,0,0,0,0,0,0,0,45,432,67,6,25,13,2
Master,Married,42169.0,1,1,20,19,0,9,0,0,2,2,1,0,3,8,0,0,0,0,0,0,0,45,74,30,6,9,0,0
2n Cycle,Married,26224.0,1,0,39,4,7,15,13,9,15,3,2,1,3,6,0,0,0,0,0,0,0,36,211,63,9,28,16,2
Graduation,Together,31089.0,1,0,57,31,3,31,2,8,4,3,3,0,4,8,0,0,0,0,0,0,0,33,502,79,10,33,11,2
Graduation,Single,30081.0,0,1,27,36,0,2,0,0,4,1,1,0,3,7,0,0,0,0,0,0,0,53,314,42,5,2,0,2
Graduation,Together,62807.0,0,1,83,526,28,135,10,21,99,3,5,3,12,5,0,0,0,0,0,0,0,54,488,819,23,145,49,3
Graduation,Single,72906.0,0,0,79,400,32,519,71,75,54,1,3,4,9,1,0,0,0,0,0,0,0,59,106,1151,17,590,107,3
PhD,Married,61467.0,0,2,69,410,16,114,0,5,49,3,5,2,10,5,0,0,0,0,0,0,0,66,388,594,20,114,21,1
Master,Together,49618.0,1,1,77,80,3,26,4,2,14,4,3,1,3,7,0,0,0,0,0,0,0,48,340,129,11,30,5,0
Master,Single,21888.0,1,0,15,88,10,46,2,3,64,4,5,1,2,10,0,0,0,0,0,0,1,28,368,213,12,48,13,2
Graduation,Widow,42429.0,0,1,99,55,0,6,2,0,4,2,1,1,3,5,0,0,0,0,0,0,0,41,-41,67,7,8,0,2
Graduation,Divorced,26150.0,2,1,61,5,1,13,3,5,1,1,1,0,3,7,0,0,0,0,0,0,0,58,296,28,5,16,6,2
Basic,Married,30801.0,0,1,23,8,4,5,15,2,11,2,1,0,3,7,0,0,0,0,0,0,0,39,432,45,6,20,6,2
Graduation,Married,81168.0,0,0,84,410,0,592,147,22,22,1,6,4,7,3,0,0,0,1,0,0,0,49,-126,1193,18,739,22,3
Master,Single,26877.0,0,0,74,101,13,76,20,18,40,2,3,1,6,6,0,0,0,0,0,0,0,45,135,268,12,96,31,2
Master,Widow,45006.0,0,0,90,162,25,53,16,0,10,1,3,1,7,3,0,0,0,0,0,0,0,70,167,266,12,69,25,0
Basic,Married,18978.0,1,0,41,2,8,1,4,7,15,1,1,0,3,8,0,0,0,0,0,0,0,41,386,37,5,5,15,2
Graduation,Married,22574.0,2,1,28,25,0,8,2,0,2,2,2,0,3,7,0,0,0,0,0,0,0,47,65,37,7,10,0,2
PhD,Single,48240.0,0,0,73,389,91,248,64,49,41,3,6,3,13,5,0,0,0,0,0,0,1,45,418,882,25,312,140,1
Graduation,Married,45837.0,1,1,88,215,13,87,17,17,24,5,6,2,5,7,0,0,0,0,0,0,0,40,159,373,18,104,30,2
Master,Single,35791.0,2,1,94,27,0,5,0,0,3,2,1,0,3,8,0,0,0,0,0,0,0,49,240,35,6,5,0,2
PhD,Together,162397.0,1,1,31,85,1,16,2,1,2,0,0,0,1,1,0,0,0,0,0,0,0,38,212,107,1,18,2,1
Graduation,Widow,54162.0,1,1,31,5,6,10,6,5,10,1,1,0,3,4,0,0,0,0,0,0,0,36,289,42,5,16,11,2
Master,Married,30522.0,0,1,6,179,8,83,19,11,26,5,1,2,9,2,0,0,0,0,0,0,0,54,502,326,17,102,19,0
PhD,Married,54456.0,0,1,23,352,0,27,10,0,15,3,6,1,7,6,0,0,0,0,0,0,0,53,174,404,17,37,0,0
Graduation,Single,31632.0,0,0,92,17,8,12,11,15,32,1,2,1,2,7,0,0,0,0,0,0,0,43,171,95,6,23,23,2
Graduation,Widow,72298.0,0,0,52,625,35,169,58,17,35,1,4,3,6,1,0,1,1,0,0,0,0,65,-68,939,14,227,52,3
2n Cycle,Single,36975.0,1,0,50,10,6,11,0,4,2,1,1,0,3,7,0,0,0,0,0,0,0,36,4,33,5,11,10,2
2n Cycle,Married,72635.0,0,0,54,390,22,323,104,35,107,1,6,8,6,3,0,0,0,1,0,0,0,59,212,981,21,427,57,3
Graduation,Married,13624.0,1,0,93,10,2,15,2,1,6,2,2,0,3,6,0,0,0,0,0,0,0,38,346,36,7,17,3,2
Graduation,Single,84196.0,0,1,56,215,63,507,231,31,190,1,8,4,7,3,0,0,0,0,0,0,0,39,212,1237,20,738,94,3
Graduation,Together,70971.0,0,1,28,1001,17,572,93,125,17,7,11,11,5,7,0,0,0,0,0,0,1,54,467,1825,34,665,142,3
PhD,Divorced,34487.0,1,1,94,19,18,33,24,1,8,3,3,0,3,9,0,0,0,0,0,0,0,37,482,103,9,57,19,0
Graduation,Single,28769.0,1,0,76,41,5,129,10,3,3,3,4,1,4,9,0,0,0,0,0,0,0,37,379,191,12,139,8,2
PhD,Married,69084.0,1,0,43,1181,107,199,39,30,30,2,7,3,13,8,0,0,0,0,0,0,0,44,43,1586,25,238,137,1
PhD,Together,65488.0,0,0,46,603,45,207,36,18,54,1,3,4,6,1,0,0,0,0,0,0,0,56,-163,963,14,243,63,1
2n Cycle,Married,62466.0,0,1,13,129,129,259,168,121,83,5,6,3,12,4,0,0,0,0,0,0,0,44,-14,889,26,427,250,3
2n Cycle,Single,32218.0,0,0,27,10,24,15,13,1,30,1,2,1,3,7,1,0,0,0,0,0,1,54,-45,93,7,28,25,2
Graduation,Single,83917.0,0,0,12,514,22,732,42,198,79,1,6,7,7,3,0,0,0,0,0,0,1,41,258,1587,21,774,220,3
Graduation,Divorced,46102.0,2,1,3,14,0,1,0,0,1,1,1,0,2,7,0,0,0,0,0,0,0,52,-68,16,4,1,0,2
Graduation,Single,84574.0,0,0,72,387,20,713,38,54,163,1,9,11,11,5,0,0,0,0,0,0,0,62,211,1375,32,751,74,3
Graduation,Married,56181.0,0,1,6,121,103,69,8,44,48,1,4,2,7,4,0,0,0,0,0,0,0,52,358,393,14,77,147,2
Master,Divorced,63120.0,0,1,53,965,69,279,54,41,69,5,8,4,9,7,0,0,0,0,0,0,1,64,460,1477,26,333,110,1
Graduation,Married,73691.0,0,1,58,707,21,250,85,43,73,2,6,2,8,2,1,0,0,0,0,0,0,43,56,1179,18,335,64,3
Graduation,Together,63381.0,0,1,78,571,50,142,33,50,159,4,4,5,13,2,0,0,0,0,0,0,0,54,453,1005,26,175,100,3
PhD,Together,76140.0,0,0,57,586,66,653,17,0,26,1,5,9,6,2,0,0,0,0,0,0,0,66,-132,1348,21,670,66,1
PhD,Divorced,62859.0,0,1,37,1063,89,102,16,12,25,4,9,4,6,6,0,0,0,0,0,0,0,55,367,1307,23,118,101,1
Graduation,Single,45906.0,0,1,20,305,3,27,4,3,144,2,5,4,4,5,1,0,0,0,0,0,0,50,239,486,15,31,6,2
Master,Together,77632.0,0,0,73,1200,105,758,0,42,147,1,4,2,6,2,0,1,1,0,0,0,1,67,297,2252,13,758,147,3
PhD,Married,46463.0,1,1,56,163,2,40,8,11,11,7,3,1,6,6,0,0,0,0,0,0,0,43,136,235,17,48,13,0
Graduation,Together,105471.0,0,0,36,1009,181,104,202,21,207,0,9,8,13,3,0,0,1,1,0,0,1,44,345,1724,30,306,202,3
Master,Divorced,55282.0,1,0,9,125,6,73,8,4,19,1,3,1,6,4,0,0,0,0,0,0,0,44,19,235,11,81,10,0
Master,Married,78710.0,0,1,42,721,0,152,119,50,50,3,7,6,12,4,0,0,0,0,0,0,0,37,-142,1092,28,271,50,1
Graduation,Together,66886.0,0,1,28,315,4,62,41,31,146,2,7,1,7,5,0,0,0,0,0,0,0,56,107,599,17,103,35,3
Master,Single,98777.0,0,0,23,1000,19,711,125,115,38,0,4,6,9,1,0,1,0,0,0,0,0,54,-47,2008,19,836,134,3
Graduation,Together,29103.0,1,0,38,16,0,17,6,3,6,2,1,0,3,9,0,0,0,0,0,0,0,29,492,48,6,23,3,2
Graduation,Married,67445.0,0,1,63,757,80,217,29,80,11,5,9,6,12,6,0,0,0,0,0,0,0,40,507,1174,32,246,160,3
PhD,Together,50616.0,0,1,71,30,2,25,0,1,9,1,1,1,4,2,0,0,0,0,0,0,0,64,-102,67,7,25,3,0
Graduation,Divorced,49431.0,0,1,9,219,3,100,26,0,17,2,7,1,5,8,0,0,0,0,0,0,0,59,516,365,15,126,3,2
Graduation,Divorced,153924.0,0,0,81,1,1,1,1,1,1,0,0,0,0,0,0,0,0,0,0,0,0,39,-37,6,0,2,2,3
Graduation,Together,61278.0,0,1,87,111,3,28,2,6,15,2,3,1,4,6,0,0,0,0,0,0,0,61,-3,165,10,30,9,2
2n Cycle,Together,26490.0,0,0,92,45,47,52,21,20,25,2,3,1,5,6,0,0,0,0,0,0,0,56,466,210,11,73,67,0
PhD,Together,73059.0,0,1,36,410,112,420,0,82,71,1,9,3,13,4,0,0,0,0,0,0,0,67,123,1095,26,420,194,1
PhD,Single,46734.0,1,2,86,100,1,39,6,1,76,4,3,2,3,6,1,0,0,0,0,0,0,48,72,223,12,45,2,0
Graduation,Together,56253.0,0,1,83,509,0,65,7,11,5,4,7,2,9,6,0,0,0,0,0,0,0,51,390,597,22,72,11,0
Graduation,Married,19986.0,1,0,74,3,6,5,0,2,6,1,0,0,3,7,0,0,0,0,0,0,0,29,48,22,4,5,8,2
Graduation,Widow,58330.0,0,1,87,445,53,213,104,98,151,1,6,4,13,4,0,0,0,0,0,0,0,39,7,1064,24,317,151,3
Basic,Married,25965.0,0,0,29,2,2,11,41,7,11,1,2,0,3,8,0,0,0,0,0,0,0,34,481,74,6,52,9,2
Master,Together,14661.0,0,0,88,4,1,11,6,2,2,1,1,0,3,6,0,0,0,0,0,0,0,58,365,26,5,17,3,0
Graduation,Married,18690.0,0,0,77,6,1,7,23,4,19,1,1,1,2,8,0,0,0,0,0,0,0,55,369,60,5,30,5,2
PhD,Together,45068.0,0,1,25,14,0,3,0,0,3,1,1,0,2,7,0,0,0,0,0,0,0,40,230,20,4,3,0,0
Basic,Single,21063.0,1,0,34,1,10,11,19,3,15,2,2,0,3,6,0,0,0,0,0,0,0,27,98,59,7,30,13,2
PhD,Married,29187.0,1,0,43,26,0,6,0,0,2,1,1,0,3,8,0,0,0,0,0,0,0,46,237,34,5,6,0,0
2n Cycle,Married,54690.0,1,1,76,111,16,37,7,9,18,3,3,1,5,3,0,0,0,0,0,0,0,43,55,198,12,44,25,0
PhD,Married,59304.0,0,1,81,418,61,428,80,51,10,3,7,8,10,5,0,0,0,0,0,0,0,50,156,1048,28,508,112,1
Master,Single,59247.0,0,2,87,327,9,122,19,14,83,5,5,2,9,6,0,0,0,0,0,0,0,52,54,574,21,141,23,0
Graduation,Widow,66731.0,0,1,33,371,159,194,58,106,141,4,4,3,6,3,0,0,0,0,0,0,0,44,476,1029,17,252,265,3
Graduation,Married,77353.0,0,1,38,275,59,107,69,101,59,2,6,4,8,4,0,0,0,0,0,0,0,34,16,670,20,176,160,3
PhD,Single,52614.0,0,1,63,789,0,142,12,9,38,2,2,4,8,8,0,0,0,0,0,0,0,39,396,990,16,154,9,1
Graduation,Married,26751.0,2,0,26,1,1,5,0,3,1,1,1,0,2,8,0,0,0,0,0,0,0,40,-141,11,4,5,4,2
PhD,Married,81300.0,0,1,17,1004,12,145,32,12,36,3,10,3,5,5,0,0,0,1,0,0,1,51,428,1241,21,177,24,1
Graduation,Single,70337.0,0,0,75,187,81,149,25,43,91,1,2,2,12,1,0,0,0,0,0,0,0,35,-1,576,17,174,124,3
2n Cycle,Married,36145.0,1,0,13,56,4,76,17,1,18,4,4,1,3,9,1,0,0,0,0,0,1,29,199,172,12,93,5,2
PhD,Single,65295.0,0,0,19,365,32,117,34,110,6,1,3,3,13,2,0,0,0,0,0,0,0,34,9,664,20,151,142,1
Graduation,Divorced,68118.0,0,1,51,595,23,123,10,23,154,2,8,9,4,6,0,0,0,0,0,0,0,51,75,928,23,133,46,3
Graduation,Divorced,68743.0,0,0,81,1132,134,384,175,134,115,1,11,5,13,7,0,0,0,0,0,0,0,47,489,2074,30,559,268,3
2n Cycle,Together,41039.0,0,0,32,34,11,137,179,61,45,1,8,1,5,8,0,0,0,0,0,0,0,32,160,467,15,316,72,2
Graduation,Together,38946.0,0,1,84,116,6,82,6,6,41,2,3,1,6,5,0,0,0,0,0,0,0,59,69,257,12,88,12,2
Graduation,Together,65777.0,0,0,87,565,32,435,28,32,54,1,2,8,6,1,0,0,0,0,0,0,0,47,13,1146,17,463,64,3
PhD,Divorced,66476.0,0,1,99,372,18,126,47,48,78,2,5,2,11,4,0,0,0,0,0,0,0,38,300,689,20,173,66,1
PhD,Single,86857.0,0,0,96,899,102,838,133,102,40,1,5,6,10,2,0,0,0,0,0,0,1,42,476,2114,22,971,204,3
PhD,Married,160803.0,0,0,21,55,16,1622,17,3,4,15,0,28,1,0,0,0,0,0,0,0,0,32,515,1717,44,1639,19,3
PhD,Together,77845.0,0,0,40,760,40,480,0,40,26,1,3,5,12,1,0,0,1,1,0,0,0,25,-135,1346,21,480,80,1
PhD,Together,69476.0,0,0,3,260,86,559,63,9,67,1,4,6,4,2,0,0,0,0,0,0,0,45,93,1044,15,622,95,1
PhD,Divorced,50611.0,0,1,98,459,0,24,6,0,4,6,4,5,7,6,0,1,0,0,0,0,1,54,454,493,22,30,0,0
Graduation,Single,61209.0,0,0,73,466,0,224,119,49,99,1,5,3,4,2,0,0,0,0,0,0,0,44,129,957,13,343,49,3
Master,Together,42315.0,0,1,90,67,15,80,17,11,80,3,1,4,4,3,0,0,0,0,0,0,0,56,173,270,12,97,26,0
Basic,Together,13084.0,0,0,29,2,0,7,3,7,10,1,1,0,3,6,0,0,0,0,0,0,0,62,60,29,5,10,7,0
Master,Widow,47570.0,1,1,3,67,1,20,0,2,31,3,2,2,2,7,0,0,0,0,0,0,1,65,217,121,9,20,3,0
Master,Married,61923.0,0,2,94,92,4,18,3,3,6,1,2,1,4,3,0,0,0,0,0,0,0,53,159,126,8,21,7,0
Graduation,Single,34824.0,0,0,65,4,2,11,2,0,4,1,1,0,2,6,0,0,0,0,0,0,0,19,-84,23,4,13,2,2
PhD,Single,26518.0,1,1,33,20,1,28,3,3,2,3,2,0,3,8,0,0,0,0,0,0,1,65,268,57,8,31,4,0
Graduation,Single,45938.0,0,0,46,273,11,178,62,83,29,2,8,4,6,6,0,0,0,0,0,0,0,53,59,636,20,240,94,3
Graduation,Together,78468.0,0,0,29,434,22,388,104,22,34,1,10,7,10,4,0,0,0,1,0,0,0,54,-98,1004,28,492,44,3
Graduation,Divorced,78901.0,0,1,99,321,11,309,33,26,34,3,9,3,5,4,0,0,0,0,0,0,0,41,106,734,20,342,37,3
Graduation,Married,71427.0,2,0,26,212,123,177,15,64,23,2,8,2,8,4,0,0,0,0,0,0,0,36,-70,614,20,192,187,3
Graduation,Divorced,71022.0,0,1,30,909,12,278,0,12,242,3,5,2,11,8,1,0,0,0,0,0,0,36,-41,1453,21,278,24,3
Master,Single,90247.0,0,0,27,1184,32,352,21,16,16,1,3,4,7,1,0,1,1,1,0,0,1,26,-118,1621,15,373,48,3
Master,Divorced,41335.0,1,0,24,112,19,21,16,14,5,3,4,1,4,7,0,0,0,0,0,0,0,46,6,187,12,37,33,0
Graduation,Married,71952.0,1,0,93,656,80,455,52,107,93,2,8,4,8,4,1,0,1,0,0,0,0,28,356,1443,22,507,187,3
PhD,Divorced,35682.0,1,0,34,23,0,8,6,2,18,1,1,1,3,2,0,0,0,0,0,0,0,44,-177,57,6,14,2,0
Graduation,Divorced,43185.0,0,1,88,537,6,42,16,6,30,2,9,3,6,8,0,0,0,0,0,0,0,63,266,637,20,58,12,2
PhD,Together,66375.0,0,1,96,712,0,45,0,0,191,3,2,4,5,7,1,0,0,0,0,0,0,66,41,948,14,45,0,1
Master,Married,35178.0,1,0,10,23,1,13,2,2,18,1,1,1,2,7,1,0,0,0,0,0,1,43,356,59,5,15,3,2
Graduation,Married,25252.0,1,0,26,1,3,4,2,2,6,1,1,0,2,8,0,0,0,0,0,0,0,28,173,18,4,6,5,2
Master,Single,55250.0,0,1,49,664,58,83,32,0,66,4,7,5,10,5,0,0,0,0,0,0,0,49,437,903,26,115,58,1
Graduation,Single,33249.0,1,0,11,6,10,21,19,14,42,2,2,1,3,6,0,0,0,0,0,0,0,39,315,112,8,40,24,2
Graduation,Together,58398.0,0,0,44,299,5,201,21,21,49,3,5,4,8,4,0,0,0,0,0,0,0,61,232,596,20,222,26,3
Graduation,Together,50272.0,1,0,75,99,13,66,43,8,4,3,4,1,5,7,0,0,0,0,0,0,0,32,147,233,13,109,21,2
PhD,Married,76618.0,0,0,64,749,40,294,121,160,147,1,3,2,5,1,0,0,0,0,0,0,0,39,390,1511,11,415,200,1
2n Cycle,Divorced,87305.0,0,0,19,345,25,501,63,138,80,1,5,3,8,2,0,0,1,0,0,0,1,54,465,1152,17,564,163,3
Graduation,Together,25851.0,1,0,45,9,4,18,7,5,5,2,2,0,3,7,0,0,0,0,0,0,0,36,324,48,7,25,9,2
Graduation,Divorced,58710.0,0,1,77,440,81,368,0,122,174,6,11,5,9,6,0,0,0,0,0,0,0,44,276,1185,31,368,203,3
Graduation,Single,45160.0,1,1,9,8,2,5,3,0,3,1,1,0,2,7,0,0,0,0,0,0,0,56,-87,21,4,8,2,2
Master,Married,74806.0,0,1,1,670,9,249,0,28,9,2,5,4,5,4,0,0,0,0,0,0,0,49,378,965,16,249,37,1
Graduation,Married,59111.0,0,0,90,524,0,134,28,28,155,1,11,1,8,7,0,0,0,0,0,0,0,60,244,869,21,162,28,3
PhD,Married,18988.0,1,0,43,6,0,6,2,1,1,2,1,0,3,7,0,0,0,0,0,0,0,30,-142,16,6,8,1,0
Graduation,Married,72190.0,0,0,79,597,166,597,172,166,249,1,5,6,4,3,0,0,0,0,0,0,0,49,322,1947,16,769,332,3
Graduation,Married,7500.0,1,0,19,7,0,12,13,7,32,5,4,1,2,9,1,0,0,0,0,0,1,38,518,71,12,25,7,2
Graduation,Married,44794.0,0,1,99,54,0,7,0,0,4,1,2,0,3,6,0,0,0,0,0,0,0,48,-158,65,6,7,0,2
Graduation,Married,80395.0,0,0,62,445,25,706,80,76,48,1,6,5,12,2,0,0,0,1,0,0,0,59,39,1380,24,786,101,3
Master,Divorced,75012.0,0,0,41,294,142,218,164,58,151,1,3,8,11,1,0,0,0,0,0,0,0,38,-24,1027,23,382,200,3
Master,Married,56962.0,2,1,60,292,3,77,10,3,26,7,6,3,5,7,0,0,0,0,0,0,0,49,82,411,21,87,6,0
Graduation,Together,89891.0,0,0,17,412,22,132,59,28,183,1,11,6,8,4,0,0,1,0,0,0,0,23,261,836,26,191,50,3
PhD,Divorced,35946.0,1,1,24,8,0,3,0,0,0,1,0,0,3,5,0,0,0,0,0,0,0,65,96,11,4,3,0,0
PhD,Together,53593.0,1,1,60,349,4,78,6,0,43,8,7,2,6,8,0,0,0,0,0,0,0,61,512,480,23,84,4,0
Graduation,Married,66373.0,1,1,57,328,9,124,12,24,109,7,4,2,10,3,0,0,0,0,0,0,0,36,203,606,23,136,33,3
PhD,Divorced,45072.0,1,2,74,144,2,99,7,2,30,5,6,1,4,8,0,0,0,0,0,0,0,66,77,284,16,106,4,0
Graduation,Divorced,89694.0,1,1,22,1126,28,211,37,28,42,3,4,3,4,5,0,1,1,1,0,0,0,41,84,1472,14,248,56,3
Graduation,Married,72025.0,0,0,46,967,0,617,43,50,0,1,4,8,13,2,0,1,1,1,0,0,1,65,-118,1677,26,660,50,3
Graduation,Married,67432.0,0,1,69,432,79,341,177,136,170,2,8,5,4,4,0,0,0,0,0,0,0,41,278,1335,19,518,215,3
Master,Together,70545.0,0,1,29,138,39,63,55,18,21,1,4,1,7,2,0,0,0,0,0,0,0,62,-153,334,13,118,57,0
Basic,Married,17487.0,1,0,37,0,0,1,7,4,6,1,1,0,2,7,0,0,0,0,0,0,0,25,289,18,4,8,4,2
Graduation,Together,62882.0,0,1,26,509,133,497,78,24,97,2,7,5,6,4,0,0,0,0,0,0,0,45,510,1338,20,575,157,3
PhD,Single,64108.0,0,1,8,948,10,86,13,21,21,4,6,9,11,5,0,0,0,0,0,0,0,61,284,1099,30,99,31,1
Master,Together,34941.0,1,1,26,39,2,25,4,3,24,2,3,0,3,8,0,0,0,0,0,0,0,58,301,97,8,29,5,0
PhD,Single,48767.0,1,2,79,28,1,21,3,0,10,3,2,1,3,5,0,0,0,0,0,0,0,64,0,63,9,24,1,0
2n Cycle,Together,38702.0,1,0,71,13,11,24,13,8,40,2,3,0,4,6,0,0,0,0,0,0,0,36,153,109,9,37,19,2
Graduation,Married,82224.0,0,0,83,307,26,360,138,31,40,1,6,9,5,3,0,0,0,1,0,0,0,50,-24,902,21,498,57,3
Graduation,Together,83844.0,0,0,57,901,31,345,75,31,191,1,4,4,11,1,0,0,1,0,0,0,0,62,234,1574,20,420,62,3
2n Cycle,Married,17003.0,1,0,37,2,5,12,4,8,7,3,2,0,4,5,0,0,0,0,0,0,0,39,23,38,9,16,13,2
Graduation,Single,71163.0,0,0,30,283,17,372,138,106,44,1,3,8,12,1,0,0,0,0,0,0,0,19,-67,960,24,510,123,3
Graduation,Single,33697.0,1,0,34,4,3,7,0,3,11,1,1,0,2,7,1,0,0,0,0,0,0,44,108,28,4,7,6,2
2n Cycle,Married,63564.0,0,0,0,769,80,252,15,34,65,1,10,10,7,6,1,0,0,0,0,0,1,60,-28,1215,28,267,114,1
PhD,Together,83443.0,0,0,89,518,42,742,55,56,84,1,6,10,5,2,0,0,0,0,0,0,0,42,1,1497,22,797,98,1
PhD,Together,51518.0,0,1,92,350,8,66,17,4,4,2,3,2,10,3,0,0,0,0,0,0,0,56,90,449,17,83,12,0
Graduation,Widow,58330.0,0,1,87,445,53,213,104,98,151,1,6,4,13,4,0,0,0,0,0,0,0,39,7,1064,24,317,151,3
Graduation,Married,80952.0,0,0,20,778,178,689,41,27,44,1,8,5,11,8,0,1,1,1,0,0,1,45,307,1757,25,730,205,3
Graduation,Together,75507.0,0,0,56,709,93,374,104,80,80,1,8,6,6,3,0,0,0,0,0,0,0,35,-121,1440,21,478,173,3
2n Cycle,Together,63855.0,0,0,28,359,35,314,93,116,89,1,7,3,13,4,0,0,0,0,0,0,0,36,326,1006,24,407,151,3
PhD,Together,62220.0,0,1,55,799,12,375,16,12,12,5,7,6,5,6,0,0,0,0,0,0,1,42,508,1226,23,391,24,1
Graduation,Married,58512.0,0,1,25,895,10,101,13,0,152,5,3,4,8,8,0,0,0,0,0,0,0,50,104,1171,20,114,10,3
Master,Married,40662.0,1,0,0,40,2,23,0,4,23,2,2,1,3,4,0,0,0,0,0,0,0,35,292,92,8,23,6,2
PhD,Married,38829.0,0,1,86,76,0,7,0,0,16,1,3,2,2,5,0,0,0,0,0,0,0,55,-95,99,8,7,0,0
2n Cycle,Married,35523.0,1,0,8,11,5,22,12,5,11,2,3,0,3,7,0,0,0,0,0,0,0,33,90,66,8,34,10,2
Graduation,Single,79146.0,1,1,33,245,16,223,21,43,16,2,8,1,8,6,0,0,0,0,0,0,0,47,-113,564,19,244,59,2
Master,Married,78285.0,0,0,13,647,107,391,175,67,40,1,6,4,10,3,0,0,0,0,0,0,0,26,65,1427,21,566,174,3
PhD,Single,31626.0,1,0,12,39,1,9,2,1,34,1,2,1,2,7,1,0,0,0,0,0,1,36,236,86,6,11,2,0
Graduation,Single,75127.0,0,0,92,203,35,305,46,17,227,1,2,11,5,1,0,0,0,0,0,0,0,62,-141,833,19,351,52,3
Graduation,Married,48726.0,0,1,90,138,3,38,4,0,59,3,3,2,4,6,0,0,0,0,0,0,0,59,249,242,12,42,3,2
Graduation,Married,74985.0,0,0,8,587,51,898,247,0,86,1,3,6,7,2,0,0,0,0,0,0,0,37,477,1869,17,1145,51,3
Graduation,Together,67430.0,0,0,6,595,97,291,127,133,121,1,11,5,12,6,0,0,0,0,0,0,0,27,483,1364,29,418,230,3
2n Cycle,Married,46891.0,0,1,91,43,12,23,29,15,61,1,2,1,4,4,0,0,0,0,0,0,0,49,122,183,8,52,27,0
Master,Married,62058.0,0,1,52,301,7,74,10,0,58,4,6,1,7,6,0,0,0,0,0,0,0,58,220,450,18,84,7,0
Graduation,Married,72063.0,0,1,3,180,32,348,76,32,90,2,5,2,12,2,0,0,0,0,0,0,0,35,182,758,21,424,64,3
PhD,Married,78939.0,0,0,57,794,115,243,150,0,205,1,8,5,6,3,0,0,0,0,0,0,0,63,20,1507,20,393,115,1
Graduation,Single,42720.0,1,1,9,392,5,91,28,26,112,8,7,3,7,8,0,0,0,0,0,0,1,49,252,654,25,119,31,2
Graduation,Married,33622.0,1,1,22,39,1,22,3,4,12,3,2,0,4,7,0,0,0,0,0,0,0,42,263,81,9,25,5,2
PhD,Together,6835.0,0,1,76,107,2,12,2,2,12,0,0,0,1,20,0,0,0,0,0,0,0,57,389,137,1,14,4,0
Graduation,Together,41452.0,1,1,86,13,0,3,0,0,0,1,1,0,2,7,0,0,0,0,0,0,0,61,301,16,4,3,0,2
PhD,Single,40760.0,0,1,64,70,0,17,0,0,6,2,2,1,3,6,0,0,0,0,0,0,0,49,124,93,8,17,0,0
PhD,Together,74250.0,0,0,90,680,11,392,75,0,0,1,2,11,4,1,0,0,0,0,0,0,0,56,-25,1158,18,467,11,1
Master,Single,51124.0,1,1,79,26,1,11,0,1,4,2,1,0,3,3,0,0,0,0,0,0,0,59,14,43,6,11,2,0
Graduation,Single,72258.0,0,1,28,522,0,522,227,120,134,2,6,9,5,2,0,0,0,0,0,0,0,43,111,1525,22,749,120,3
PhD,Single,71466.0,0,0,86,412,12,546,78,182,0,1,4,4,10,1,0,0,0,0,0,0,0,40,-94,1230,19,624,194,1
Graduation,Together,36283.0,1,1,42,6,5,5,8,0,5,2,1,0,3,4,0,0,0,0,0,0,0,38,-103,29,6,13,5,2
Graduation,Single,20587.0,1,0,39,2,3,6,4,1,9,1,1,1,2,7,0,0,0,0,0,0,0,44,-130,25,5,10,4,2
Graduation,Married,30467.0,1,0,8,1,3,8,2,5,5,1,1,0,2,7,0,0,0,0,0,0,0,42,-77,24,4,10,8,2
Graduation,Together,31590.0,1,0,40,6,2,15,6,6,3,1,1,0,3,8,0,0,0,0,0,0,0,42,197,38,5,21,8,2
Basic,Married,20425.0,1,0,5,4,12,5,3,16,17,2,2,0,3,7,0,0,0,0,0,0,0,28,429,57,7,8,28,2
Master,Together,17144.0,1,1,96,18,2,19,0,2,6,5,3,0,4,7,0,0,0,0,0,0,0,54,-45,47,12,19,4,0
PhD,Divorced,42564.0,0,1,28,324,48,186,39,18,198,6,6,8,4,7,1,0,0,0,0,0,1,46,364,813,24,225,66,1
Master,Married,43783.0,1,0,22,327,9,125,25,4,139,6,7,1,8,7,1,0,0,0,0,0,0,36,-148,629,22,150,13,0
Graduation,Divorced,40780.0,0,1,30,229,27,71,13,3,34,4,7,1,5,9,0,0,0,0,0,0,0,38,480,377,17,84,30,2
Master,Together,62847.0,0,0,45,521,168,706,80,76,61,1,3,6,4,2,0,0,0,0,0,0,0,69,351,1612,14,786,244,3
PhD,Married,82017.0,0,0,58,184,23,446,30,23,23,1,5,4,7,2,0,1,1,1,0,0,1,57,420,729,17,476,46,1
Graduation,Single,16813.0,0,0,49,4,8,11,12,2,13,1,2,0,3,7,1,0,0,0,0,0,0,64,166,50,6,23,10,2
Graduation,Married,51267.0,1,1,37,183,2,64,7,2,12,4,3,3,5,4,0,0,0,0,0,0,0,36,64,270,15,71,4,2
Graduation,Single,46524.0,0,1,70,31,19,35,26,14,52,2,1,1,5,3,0,0,0,0,0,0,0,53,271,177,9,61,33,2
Master,Single,45183.0,0,0,33,219,3,60,12,9,12,1,4,1,7,7,0,1,0,0,0,0,0,52,346,315,13,72,12,0
PhD,Married,70421.0,0,1,98,479,28,136,75,14,35,3,10,3,7,6,0,0,0,0,0,0,0,60,-178,767,23,211,42,1
2n Cycle,Divorced,60161.0,0,1,17,584,44,212,46,8,177,3,11,4,8,8,0,0,0,0,0,0,0,49,435,1071,26,258,52,1
Graduation,Together,73926.0,0,0,54,627,91,597,159,91,15,1,6,5,12,3,0,0,0,0,0,0,0,41,305,1580,24,756,182,3
Graduation,Married,19329.0,1,0,39,24,1,16,12,2,5,3,4,0,3,8,0,0,0,0,0,0,0,46,18,60,10,28,3,2
Master,Married,61872.0,0,1,81,330,5,159,36,27,16,4,4,4,9,4,0,0,0,0,0,0,0,44,19,573,21,195,32,1
Graduation,Widow,46984.0,1,1,71,19,1,10,2,1,8,1,1,0,3,5,0,0,0,0,0,0,0,58,281,41,5,12,2,2
Graduation,Married,34838.0,1,1,62,28,23,29,29,14,47,3,2,1,4,6,0,0,0,0,0,0,0,63,347,170,10,58,37,2
PhD,Single,82716.0,0,0,8,606,148,228,15,148,22,1,6,8,13,2,0,0,0,0,0,0,0,70,57,1167,28,243,296,1
Graduation,Married,48192.0,0,0,76,1039,43,204,153,58,29,3,2,8,12,8,0,1,0,1,1,0,1,56,270,1526,25,357,101,3
Master,Married,49681.0,0,2,66,411,0,26,0,0,21,6,7,1,7,7,0,0,0,0,0,0,0,38,58,458,21,26,0,0
Master,Married,56850.0,0,1,83,34,1,19,2,7,0,1,1,1,3,2,0,0,0,0,0,0,0,43,-81,63,6,21,8,0
Graduation,Married,55267.0,0,1,28,161,28,136,32,3,45,4,3,4,6,3,0,0,0,0,0,0,0,57,72,405,17,168,31,2
Graduation,Married,59666.0,1,1,87,623,53,178,23,17,133,7,3,2,8,8,0,1,0,0,0,0,0,42,285,1027,20,201,70,3
Graduation,Single,72504.0,0,1,43,604,26,470,123,161,94,2,5,9,6,2,0,0,0,0,0,0,0,42,270,1478,22,593,187,3
Graduation,Married,26872.0,0,0,0,3,10,8,3,16,32,1,1,1,2,6,0,0,0,0,0,0,0,33,77,72,5,11,26,2
Graduation,Single,21359.0,1,0,1,12,2,17,6,1,10,2,2,0,3,8,0,0,0,0,0,0,1,42,256,48,7,23,3,2
Graduation,Single,73170.0,0,0,1,184,174,256,50,30,32,1,5,4,6,2,0,0,0,0,0,0,0,39,-150,726,16,306,204,3
Master,Married,52750.0,0,1,72,393,0,239,90,69,69,6,5,7,9,4,0,0,0,0,0,0,0,59,331,860,27,329,69,1
PhD,Together,91820.0,0,0,72,410,73,747,76,161,30,0,5,5,12,1,0,0,0,0,0,0,0,28,39,1497,22,823,234,1
PhD,Together,65968.0,0,1,12,376,9,83,19,4,4,2,5,4,7,3,0,0,0,0,0,0,0,44,-131,495,18,102,13,1
Graduation,Married,30772.0,1,1,89,7,2,4,2,1,4,1,1,0,2,6,0,0,0,0,0,0,0,38,-70,20,4,6,3,2
Graduation,Single,22507.0,0,0,67,68,0,226,51,157,68,3,10,2,4,9,0,0,0,0,0,0,0,60,403,570,19,277,157,2
Graduation,Married,65685.0,0,1,54,642,14,49,0,7,57,1,9,2,9,5,0,0,0,0,0,0,0,42,-87,769,21,49,21,3
2n Cycle,Married,25804.0,1,0,34,8,7,9,13,6,12,2,2,0,3,8,0,0,0,0,0,0,0,36,122,55,7,22,13,2
PhD,Single,76412.0,0,0,15,840,53,804,23,71,17,1,5,4,8,3,0,0,1,1,0,0,1,34,241,1808,18,827,124,1
Graduation,Married,22063.0,1,0,43,7,10,13,3,11,11,2,2,0,3,7,0,0,0,0,0,0,0,42,146,55,7,16,21,2
Graduation,Single,57091.0,0,0,0,464,5,64,7,0,37,1,7,3,7,5,0,0,0,0,1,0,1,53,-165,577,18,71,5,3
Graduation,Married,22419.0,0,0,74,30,3,47,19,21,42,1,3,2,2,8,0,0,0,0,0,0,0,51,258,162,8,66,24,2
Graduation,Together,87771.0,0,1,61,1492,38,287,50,57,33,1,5,10,4,6,0,1,1,1,1,0,1,55,224,1957,20,337,95,3
2n Cycle,Divorced,78353.0,0,1,51,752,122,476,39,153,34,1,10,2,11,8,0,0,0,0,0,0,0,55,260,1576,24,515,275,3
Graduation,Married,93404.0,1,2,97,1279,15,287,20,0,15,3,3,4,7,5,0,1,1,0,0,0,0,60,239,1616,17,307,15,1
Graduation,Divorced,37859.0,1,2,75,22,1,8,2,1,2,2,1,0,3,8,0,0,0,0,0,0,0,52,354,36,6,10,2,2
PhD,Widow,80995.0,0,1,83,860,28,409,73,56,56,1,8,9,4,4,0,0,0,0,0,0,0,56,235,1482,22,482,84,1
Graduation,Together,16529.0,1,0,23,3,0,5,13,0,1,1,1,0,3,6,0,0,0,0,0,0,0,30,-59,22,5,18,0,2
PhD,Divorced,55412.0,1,1,65,10,5,28,11,1,8,1,2,0,3,5,0,0,0,0,0,0,0,38,40,63,6,39,6,0
Graduation,Single,48789.0,0,0,94,351,16,156,7,5,145,1,6,4,7,6,0,0,0,0,0,0,0,22,478,680,18,163,21,3
PhD,Together,56575.0,0,2,42,421,5,90,0,16,10,3,7,3,7,5,0,0,0,0,0,0,0,47,241,542,20,90,21,0
2n Cycle,Together,25130.0,1,0,10,2,5,7,0,18,18,2,2,0,3,7,0,0,0,0,0,0,0,34,91,50,7,7,23,2
Graduation,Married,35441.0,1,1,94,25,1,9,2,1,1,2,1,0,3,8,0,0,0,0,0,0,0,47,321,39,6,11,2,2
Graduation,Married,71391.0,0,1,50,336,123,274,46,123,141,5,6,5,12,3,0,0,0,0,0,0,0,58,278,1043,28,320,246,3
Master,Single,49494.0,1,0,46,191,9,97,0,6,82,2,6,1,5,7,0,0,0,0,0,0,0,42,251,385,14,97,15,2
Graduation,Divorced,81702.0,0,0,98,563,50,774,28,31,187,1,7,7,12,3,0,0,0,0,0,0,0,34,465,1633,27,802,81,3
2n Cycle,Single,45889.0,0,1,42,31,0,6,0,1,8,1,1,0,3,6,0,0,0,0,0,0,0,34,183,46,5,6,1,2
Graduation,Single,56628.0,0,1,30,479,5,82,7,17,171,2,7,6,5,5,1,0,0,0,0,0,0,37,-79,761,20,89,22,3
Graduation,Together,34026.0,1,1,11,18,6,15,12,8,17,3,2,1,3,5,0,0,0,0,0,0,0,64,149,76,9,27,14,2
Graduation,Married,40049.0,0,1,61,91,65,52,10,44,28,3,3,2,6,5,0,0,0,0,0,0,0,40,398,290,14,62,109,2
Graduation,Single,34176.0,1,0,12,5,7,24,19,14,20,4,3,0,4,6,0,0,0,0,0,0,0,26,-131,89,11,43,21,2
Graduation,Married,19419.0,1,0,76,2,14,28,16,3,7,4,4,0,3,9,0,0,0,0,0,0,0,33,417,70,11,44,17,2
2n Cycle,Married,82504.0,0,0,2,362,50,431,134,35,54,1,3,6,7,1,0,0,0,0,0,0,0,54,158,1066,17,565,85,3
Graduation,Together,81205.0,0,0,43,724,74,929,97,55,130,1,5,6,7,2,1,0,1,0,1,0,1,44,-12,2009,19,1026,129,3
2n Cycle,Single,61618.0,0,0,27,605,91,399,0,45,205,2,3,6,8,3,0,0,0,0,0,0,0,23,459,1345,19,399,136,3
Master,Single,55284.0,0,1,60,547,7,140,0,7,63,3,7,5,8,5,0,0,0,0,0,0,0,58,373,764,23,140,14,1
Graduation,Single,49980.0,0,1,79,104,1,54,13,9,14,2,3,1,5,5,0,0,0,0,0,0,0,51,70,195,11,67,10,2
Graduation,Married,15072.0,2,0,96,8,2,15,0,10,18,4,3,1,3,5,0,0,0,0,0,0,0,34,236,53,11,15,12,2
Graduation,Single,49166.0,0,1,17,224,2,25,7,0,110,2,5,3,3,6,0,0,0,0,0,0,0,40,202,368,13,32,2,2
PhD,Married,65324.0,0,1,0,384,0,102,21,32,5,3,6,2,9,4,0,0,0,0,0,0,0,60,-10,544,20,123,32,1
2n Cycle,Married,82347.0,0,0,38,556,54,845,202,133,63,1,7,7,10,3,1,0,0,1,0,0,0,57,421,1853,25,1047,187,3
PhD,Together,30843.0,1,1,43,24,0,2,0,0,9,2,1,1,2,5,1,0,0,0,0,0,0,48,-145,35,6,2,0,0
PhD,Married,46374.0,0,1,1,408,0,21,0,0,17,3,7,1,7,8,0,1,0,1,0,0,1,40,-75,446,18,21,0,0
Graduation,Single,60474.0,0,1,25,265,199,303,234,9,170,7,10,2,12,7,0,0,0,0,0,0,0,35,275,1180,31,537,208,3
Master,Married,38576.0,0,1,2,34,0,7,0,0,0,1,1,0,3,7,0,0,0,0,0,0,0,41,-62,41,5,7,0,2
Graduation,Married,55357.0,2,0,66,374,64,116,84,25,64,3,6,2,11,5,0,0,0,0,0,0,0,29,316,727,22,200,89,3
Graduation,Together,37758.0,1,1,49,27,2,10,0,0,1,2,1,0,3,8,0,0,0,0,0,0,0,48,454,40,6,10,2,2
2n Cycle,Married,85710.0,0,0,5,600,20,350,29,30,33,1,6,9,10,2,0,0,1,0,0,0,0,25,241,1062,26,379,50,3
Graduation,Together,23228.0,1,0,71,13,2,18,6,1,0,2,2,0,3,8,0,0,0,0,0,0,0,45,-25,40,7,24,3,2
Master,Together,44602.0,1,1,35,167,2,89,0,0,34,6,6,1,4,8,0,0,0,0,0,0,0,45,-45,292,17,89,2,0
Graduation,Married,7500.0,0,0,94,0,2,3,4,1,5,1,0,0,3,6,0,0,0,0,0,0,0,27,357,15,4,7,3,2
2n Cycle,Together,38683.0,1,0,80,46,35,69,84,41,66,6,4,1,6,7,0,0,0,0,0,0,0,25,454,341,17,153,76,2
2n Cycle,Single,49514.0,1,0,61,88,39,78,58,13,93,2,6,1,4,7,0,0,0,0,0,0,0,39,15,369,13,136,52,2
PhD,Together,57906.0,0,1,29,243,11,119,10,3,15,3,4,2,8,4,0,0,0,0,0,0,0,41,204,401,17,129,14,0
Master,Single,43456.0,0,1,0,275,11,68,25,7,7,3,5,1,8,5,0,0,0,0,0,0,0,48,281,393,17,93,18,0
Master,Single,19485.0,2,0,80,6,0,4,0,0,0,1,1,0,2,7,0,0,0,0,0,0,0,28,99,10,4,4,0,2
Graduation,Together,53172.0,0,1,54,121,62,90,68,20,125,3,2,3,8,3,0,0,0,0,0,0,0,36,240,486,16,158,82,3
Graduation,Together,30545.0,1,0,71,4,12,15,19,7,12,2,2,0,3,7,0,0,0,0,0,0,0,35,441,69,7,34,19,2
PhD,Together,70123.0,0,0,27,1308,0,396,23,0,0,1,5,7,4,3,0,1,0,0,1,0,0,31,95,1727,17,419,0,1
Graduation,Single,62450.0,0,1,61,515,47,267,62,66,38,2,5,5,4,3,0,1,0,0,0,0,0,55,-5,995,16,329,113,3
Graduation,Together,21675.0,1,0,55,4,0,16,17,4,4,3,4,0,3,7,0,0,0,0,0,0,0,38,-161,45,10,33,4,2
2n Cycle,Single,42395.0,1,1,35,48,13,57,24,15,25,4,3,1,4,7,0,0,0,0,0,0,0,33,-93,182,12,81,28,2
Master,Together,61346.0,1,0,34,562,58,168,43,16,142,1,5,7,10,3,0,0,0,0,0,0,0,36,87,989,23,211,74,3
Graduation,Together,80812.0,0,0,95,769,22,500,210,143,33,1,4,8,5,2,1,0,1,1,0,0,0,61,106,1677,18,710,165,3
Master,Divorced,42835.0,1,1,64,379,4,93,12,9,98,7,6,6,4,6,0,0,0,0,0,0,0,43,185,595,23,105,13,0
Graduation,Married,39922.0,1,0,30,29,12,59,19,1,36,2,3,0,4,8,0,0,0,0,0,0,0,31,321,156,9,78,13,2
Master,Single,86424.0,0,0,12,387,68,569,89,45,68,1,6,9,12,1,0,0,0,0,0,0,0,58,-94,1226,28,658,113,3
2n Cycle,Together,17117.0,1,0,96,12,23,38,30,18,7,4,3,1,3,9,0,0,0,0,0,0,0,36,349,128,11,68,41,2
Graduation,Single,24762.0,1,0,16,6,10,12,3,15,40,3,3,1,2,8,1,0,0,0,0,0,1,42,-40,86,9,15,25,2
Graduation,Married,35797.0,0,1,16,27,1,14,4,1,21,2,2,0,3,8,0,0,0,0,0,0,0,39,442,68,7,18,2,2
Graduation,Divorced,36627.0,2,0,78,9,1,5,0,0,1,1,0,0,3,5,0,0,0,0,0,0,0,39,162,16,4,5,1,2
2n Cycle,Married,51111.0,1,1,83,22,0,19,6,5,3,2,2,0,3,6,0,0,0,0,0,0,0,33,-169,55,7,25,5,2
PhD,Single,86857.0,0,0,96,899,102,838,133,102,40,1,5,6,10,2,0,0,0,0,0,0,1,42,476,2114,22,971,204,3
PhD,Together,82072.0,0,0,67,889,55,685,168,92,129,1,3,2,13,1,0,0,0,0,0,0,0,44,183,2018,19,853,147,1
PhD,Single,46231.0,2,1,87,189,2,55,0,5,12,4,6,1,4,9,0,0,0,0,0,0,0,61,401,263,15,55,7,0
Graduation,Married,42243.0,1,1,34,48,0,2,0,0,5,2,2,0,3,7,0,0,0,0,0,0,0,55,21,55,7,2,0,2
Graduation,Together,51195.0,1,1,46,230,14,156,82,24,58,8,9,2,5,8,0,0,0,0,0,0,0,52,275,564,24,238,38,2
Master,Single,68092.0,0,0,7,852,60,207,78,36,48,2,2,6,10,5,0,0,0,0,0,0,0,36,16,1281,20,285,96,3
Graduation,Married,31814.0,1,0,73,35,3,20,4,1,20,2,2,0,3,9,1,0,0,0,0,0,0,41,326,83,7,24,4,2
Master,Widow,51390.0,1,1,54,205,20,47,23,2,56,6,5,2,5,5,0,0,0,0,0,0,0,49,480,353,18,70,22,0
Graduation,Married,76630.0,0,0,93,255,31,446,40,56,175,1,3,10,11,1,0,0,0,0,0,0,0,31,-13,1003,25,486,87,3
Basic,Single,26868.0,1,0,52,0,0,1,8,3,2,1,1,0,2,7,0,0,0,0,0,0,0,23,-119,14,4,9,3,2
PhD,Divorced,48948.0,0,0,53,437,8,206,160,49,42,2,7,10,5,6,1,0,0,0,0,0,1,71,334,902,24,366,57,1
PhD,Single,55260.0,0,1,81,825,8,53,11,0,242,2,8,10,5,6,0,0,0,0,0,0,0,42,385,1139,25,64,8,1
Graduation,Together,64090.0,0,1,8,316,58,161,76,51,135,1,6,9,4,5,0,0,0,0,0,0,1,58,147,797,20,237,109,3
Graduation,Divorced,78331.0,0,1,97,756,138,354,160,169,61,2,10,6,7,4,0,0,0,0,0,0,0,56,-22,1638,25,514,307,3
PhD,Married,37087.0,1,0,50,194,55,134,15,0,3,3,4,2,8,6,0,0,0,0,0,0,0,40,143,401,17,149,55,0
Graduation,Divorced,21846.0,1,0,38,7,17,18,6,10,26,4,4,0,3,8,0,0,0,0,0,0,0,28,71,84,11,24,27,2
Graduation,Married,81320.0,0,0,61,183,33,493,59,103,57,1,4,3,10,2,0,0,0,0,0,0,0,56,329,928,18,552,136,3
Graduation,Divorced,54137.0,0,1,46,171,0,11,0,1,20,2,4,1,4,6,0,0,0,0,0,0,0,44,138,203,11,11,1,2
Graduation,Together,66825.0,0,0,73,243,101,405,29,40,40,1,4,5,6,2,0,0,0,0,0,0,0,47,171,858,16,434,141,3
Graduation,Together,57100.0,0,0,19,181,21,69,39,3,96,1,3,3,6,3,0,0,0,0,0,0,0,41,28,409,13,108,24,3
Graduation,Together,58917.0,1,2,10,151,7,89,0,7,28,5,4,1,6,5,0,0,0,0,0,0,0,45,283,282,16,89,14,2
Graduation,Single,85072.0,0,0,94,494,92,391,194,11,241,1,3,4,10,0,0,0,0,0,0,0,0,37,-98,1423,18,585,103,3
Graduation,Single,86429.0,0,0,10,464,28,873,29,18,37,0,7,4,7,2,0,0,0,1,0,0,1,53,41,1449,18,902,46,3
Graduation,Widow,45684.0,1,0,37,5,1,5,10,0,7,1,1,0,2,7,0,0,0,0,0,0,0,43,30,28,4,15,1,2
Graduation,Together,47889.0,1,0,94,29,0,29,0,5,4,1,2,0,3,5,0,0,0,0,0,0,0,40,-3,67,6,29,5,2
PhD,Married,45921.0,0,0,23,102,9,49,24,3,12,1,2,1,6,4,0,0,0,0,0,0,0,28,-68,199,10,73,12,0
PhD,Single,78420.0,0,0,75,604,28,674,91,28,28,1,3,10,8,1,0,0,0,0,0,0,0,48,186,1453,22,765,56,1
Graduation,Together,75114.0,0,0,40,571,12,523,63,60,24,1,3,10,5,2,0,0,0,0,0,0,0,22,55,1253,19,586,72,3
PhD,Widow,52278.0,0,1,24,953,0,71,0,0,174,6,10,5,10,8,0,0,0,0,0,0,1,51,341,1198,31,71,0,1
Master,Married,35641.0,1,0,11,63,3,67,8,9,28,2,3,1,4,7,0,0,0,0,0,0,1,42,171,178,10,75,12,2
Graduation,Single,95529.0,0,0,29,770,29,890,250,27,24,1,7,3,7,3,0,0,1,0,0,0,1,20,394,1990,18,1140,56,3
Graduation,Married,62820.0,0,0,51,398,61,265,138,61,53,1,3,4,6,1,0,0,0,0,0,0,0,60,235,976,14,403,122,3
Master,Together,73113.0,0,0,86,741,19,154,50,9,28,1,3,4,7,2,0,0,0,0,0,0,0,54,6,1001,15,204,28,1
PhD,Married,84169.0,0,0,9,1478,19,403,0,19,0,1,7,6,6,3,0,1,1,0,0,0,1,32,147,1919,20,403,38,1
2n Cycle,Single,42607.0,0,1,30,156,29,56,30,32,47,2,3,2,7,3,0,0,0,0,0,0,0,60,45,350,14,86,61,0
PhD,Single,74637.0,0,0,73,960,64,464,146,0,16,1,6,9,9,3,0,0,0,1,0,0,0,60,228,1650,25,610,64,1
PhD,Together,46015.0,1,1,25,38,0,2,0,0,6,1,1,0,3,7,1,0,0,0,1,0,0,59,-102,46,5,2,0,0
Graduation,Single,72354.0,0,0,67,315,26,473,220,12,182,1,2,10,6,1,0,0,0,0,0,0,0,21,259,1228,19,693,38,3
Master,Single,39858.0,1,0,67,15,20,25,2,7,26,1,2,0,4,6,0,0,0,0,0,0,1,45,342,95,7,27,27,2
PhD,Married,34469.0,1,1,58,19,6,20,0,5,12,3,1,1,4,4,0,0,0,0,0,0,0,66,-123,62,9,20,11,0
Graduation,Together,83033.0,1,0,82,812,99,431,237,149,33,1,11,4,10,5,0,0,0,1,0,0,0,28,-137,1761,26,668,248,3
Master,Together,24401.0,0,0,98,73,28,217,10,24,115,3,6,1,6,8,0,0,0,0,0,0,0,35,488,467,16,227,52,2
Graduation,Married,77583.0,0,0,93,372,23,384,250,12,108,1,4,5,9,2,0,0,0,1,0,0,0,36,-40,1149,19,634,35,3
2n Cycle,Single,74116.0,0,0,53,871,111,704,145,55,166,1,4,4,10,2,0,1,0,0,0,0,0,32,2,2052,19,849,166,3
Graduation,Single,74293.0,0,0,66,375,152,335,93,91,81,1,5,4,6,2,0,0,0,0,0,0,0,21,-123,1127,16,428,243,3
PhD,Married,68397.0,0,1,6,760,80,466,17,13,80,1,6,9,5,3,0,0,0,0,0,0,0,38,45,1416,21,483,93,1
PhD,Together,79632.0,0,0,42,471,0,510,99,21,12,1,6,4,9,2,0,0,0,0,0,0,0,40,-97,1113,20,609,21,1
Graduation,Single,46107.0,1,0,78,31,9,27,16,9,33,1,1,1,4,3,0,0,0,0,0,0,0,25,-40,125,7,43,18,2
PhD,Single,64950.0,0,1,29,819,0,72,12,0,63,2,11,2,10,7,0,1,0,0,0,0,0,63,507,966,25,84,0,1
Basic,Married,25443.0,1,0,82,1,4,3,8,9,7,1,1,0,3,8,0,0,0,0,0,0,0,25,375,32,5,11,13,2
Graduation,Single,75127.0,0,0,92,203,35,305,46,17,227,1,2,11,5,1,0,0,0,0,0,0,0,62,-141,833,19,351,52,3
PhD,Together,32892.0,1,0,78,26,0,15,2,1,2,2,3,0,3,8,0,0,0,0,0,0,0,43,-144,46,8,17,1,0
Graduation,Together,71796.0,0,0,54,354,21,311,167,75,32,1,9,3,4,4,0,0,0,0,0,0,0,43,69,960,17,478,96,3
PhD,Married,67536.0,0,1,45,1253,0,447,23,71,35,3,11,5,11,8,0,0,0,1,0,0,0,44,224,1829,30,470,71,1
Graduation,Single,55239.0,0,1,59,371,17,238,23,24,106,3,7,5,11,5,0,0,0,0,0,0,0,43,171,779,26,261,41,3
PhD,Divorced,60554.0,1,0,8,588,7,76,110,15,15,2,8,4,9,6,0,0,0,0,0,0,0,39,145,811,23,186,22,1
2n Cycle,Single,64831.0,1,1,51,480,86,249,75,86,144,8,6,3,5,6,0,0,0,0,0,0,0,62,205,1120,22,324,172,3
PhD,Together,56067.0,0,1,51,517,12,54,16,6,120,2,7,4,7,5,0,0,0,0,0,0,0,52,165,725,20,70,18,1
Graduation,Divorced,82025.0,0,0,76,267,98,606,48,70,98,1,3,2,6,1,0,0,1,0,0,0,1,31,218,1187,12,654,168,3
Graduation,Together,94384.0,0,0,62,1111,24,790,160,45,172,0,5,8,5,2,0,1,1,1,0,0,1,61,303,2302,18,950,69,3
Basic,Single,14906.0,0,0,86,7,7,14,7,16,15,3,2,1,3,7,0,0,0,0,0,0,0,28,375,66,9,21,23,2
PhD,Married,51563.0,0,0,60,1166,0,48,0,0,36,1,4,4,10,8,0,1,1,0,0,0,0,27,457,1250,19,48,0,1
2n Cycle,Married,57937.0,0,1,56,261,42,144,55,48,133,3,4,4,9,3,0,0,0,0,0,0,0,32,-46,683,20,199,90,3
Graduation,Divorced,68274.0,1,1,83,135,25,51,23,25,46,2,4,2,5,3,0,0,0,0,0,0,0,35,93,305,13,74,50,2
Graduation,Together,39771.0,1,0,92,6,2,18,2,8,14,1,2,0,3,4,0,0,0,0,0,0,0,37,26,50,6,20,10,2
2n Cycle,Divorced,67893.0,0,1,31,711,28,142,49,18,47,2,3,2,9,8,0,0,0,0,0,0,0,39,457,995,16,191,46,1
PhD,Together,27922.0,1,0,80,11,0,13,2,4,11,1,2,0,3,4,0,0,0,0,0,0,0,35,-129,41,6,15,4,0
PhD,Together,52190.0,1,1,39,42,0,17,0,0,18,3,2,1,3,5,1,0,0,0,0,0,0,38,-127,77,9,17,0,0
Master,Divorced,44051.0,1,1,20,79,7,58,6,3,18,4,3,1,4,6,0,0,0,0,0,0,1,41,337,171,12,64,10,0
PhD,Single,42767.0,2,0,53,20,6,43,19,5,38,1,3,1,2,8,0,0,0,0,0,0,0,43,235,131,7,62,11,0
Master,Together,46106.0,1,1,84,30,0,8,2,0,14,1,1,1,2,6,0,0,0,0,0,0,0,38,-130,54,5,10,0,0
PhD,Married,16927.0,1,1,50,20,2,23,3,1,4,5,3,0,4,8,0,0,0,0,0,0,0,38,325,53,12,26,3,0
Graduation,Married,59754.0,0,1,96,115,27,44,4,146,139,3,5,2,6,5,0,0,0,0,0,0,1,49,396,475,16,48,173,3
Graduation,Single,53700.0,0,1,94,263,5,233,69,41,83,4,5,5,8,5,0,0,0,0,0,0,0,62,502,694,22,302,46,3
Graduation,Married,59041.0,1,1,25,69,2,15,2,2,6,2,2,0,4,5,0,0,0,0,0,0,0,41,-126,96,8,17,4,2
PhD,Divorced,54237.0,0,1,48,267,3,30,4,0,57,4,5,2,5,6,0,0,0,0,0,0,0,57,249,361,16,34,3,0
Graduation,Divorced,70647.0,0,1,65,561,85,171,25,123,114,2,4,7,13,2,0,0,0,0,0,0,0,47,467,1079,26,196,208,3
PhD,Single,52597.0,0,1,69,492,0,37,7,0,42,3,6,3,8,5,0,0,0,0,0,0,0,52,-126,578,20,44,0,0
Master,Together,41021.0,1,0,12,14,7,9,6,16,12,2,2,0,3,6,0,0,0,0,0,0,1,45,367,64,7,15,23,0
PhD,Married,40233.0,0,1,84,80,4,46,0,17,2,5,2,1,5,6,0,0,0,0,0,0,0,39,79,149,13,46,21,0
Graduation,Married,50183.0,1,1,47,97,12,84,13,10,15,7,3,1,6,5,0,0,0,0,0,0,0,34,-175,231,17,97,22,2
Graduation,Together,54753.0,0,1,87,197,107,227,7,59,131,3,5,2,11,4,0,0,0,0,0,0,0,55,111,728,21,234,166,3
Graduation,Married,92955.0,0,0,35,693,21,925,31,24,84,1,6,7,9,2,0,0,1,1,0,0,1,41,135,1778,23,956,45,3
Graduation,Married,33471.0,1,0,47,43,2,27,0,9,12,3,3,0,4,7,0,0,0,0,0,0,0,41,446,93,10,27,11,2
PhD,Married,34596.0,1,0,48,14,0,2,0,0,7,1,1,0,2,8,0,0,0,0,0,0,1,40,263,23,4,2,0,0
Graduation,Together,44010.0,1,0,46,186,36,234,86,72,48,6,10,2,6,9,0,0,0,0,0,0,0,34,445,662,24,320,108,2
Graduation,Married,84219.0,0,0,27,434,137,400,45,137,45,1,3,4,10,1,0,0,0,0,0,0,0,26,-32,1198,18,445,274,3
PhD,Together,40706.0,2,1,37,59,0,11,4,2,5,4,3,0,4,7,0,0,0,0,0,0,0,46,349,81,11,15,2,0
2n Cycle,Married,15716.0,1,0,8,16,5,30,8,7,26,3,3,0,4,8,0,0,0,0,0,1,0,26,415,92,10,38,12,2
2n Cycle,Divorced,59052.0,0,1,29,230,35,75,63,57,31,3,7,1,7,5,0,0,0,0,0,0,0,55,45,491,18,138,92,0
Master,Together,80573.0,0,0,85,829,138,430,60,92,15,1,4,6,13,2,0,0,0,0,0,0,0,43,444,1564,24,490,230,3
Graduation,Married,83715.0,0,0,2,318,8,407,150,35,8,1,2,8,13,0,0,0,0,0,0,0,0,52,-33,926,24,557,43,3
Master,Together,82576.0,0,0,66,1206,55,445,168,18,18,1,2,4,12,1,0,0,1,0,0,0,0,55,518,1910,19,613,73,1
Master,Married,56962.0,2,1,60,292,3,77,10,3,26,7,6,3,5,7,0,0,0,0,0,0,0,49,82,411,21,87,6,0
Graduation,Married,35704.0,1,1,54,30,9,12,2,11,30,3,2,0,4,4,0,0,0,0,0,0,0,62,-2,94,9,14,20,2
Graduation,Together,53103.0,0,1,70,729,17,133,11,0,195,5,10,6,7,7,1,0,0,0,0,0,0,60,111,1085,28,144,17,3
2n Cycle,Widow,46779.0,1,1,55,12,1,3,0,0,7,1,0,1,2,4,0,0,0,0,0,0,0,54,173,23,4,3,1,0
Graduation,Divorced,4861.0,0,0,20,2,1,1,1,0,1,0,0,0,0,14,0,0,0,0,0,0,0,49,-172,6,0,2,1,2
Master,Divorced,33462.0,1,0,78,22,3,18,0,0,11,1,2,0,3,7,0,0,0,0,0,0,0,35,147,54,6,18,3,2
Graduation,Divorced,63693.0,0,1,63,587,43,337,42,87,54,3,11,6,9,6,0,0,0,0,0,0,0,36,79,1150,29,379,130,3
Graduation,Married,80763.0,0,0,17,674,168,108,192,42,231,1,5,11,6,3,0,0,1,1,0,0,1,64,139,1415,23,300,210,3
PhD,Married,65352.0,0,1,43,284,3,84,4,7,23,2,4,2,8,4,0,0,0,0,0,0,0,40,133,405,16,88,10,0
PhD,Married,82170.0,0,0,13,1023,93,651,49,55,37,1,5,6,7,2,0,0,0,0,0,0,0,36,37,1908,19,700,148,1
Graduation,Married,75759.0,0,0,46,1394,22,708,89,91,182,1,9,7,9,5,1,0,1,1,0,0,1,45,68,2486,26,797,113,3
2n Cycle,Single,79689.0,0,0,65,311,26,640,180,37,121,1,4,9,13,2,0,0,0,0,0,0,0,38,234,1315,27,820,63,3
PhD,Widow,35340.0,1,1,1,27,0,12,0,1,5,2,2,0,3,5,0,0,0,0,0,0,0,58,-179,45,7,12,1,0
Graduation,Divorced,85683.0,0,0,6,1296,17,311,45,69,51,1,2,4,10,1,0,1,1,1,1,0,1,60,-79,1789,17,356,86,3
2n Cycle,Married,24884.0,1,0,32,3,6,7,0,0,3,1,0,0,3,7,0,0,0,0,0,0,0,42,398,19,4,7,6,2
Master,Together,42021.0,1,0,34,393,5,136,7,5,27,5,10,1,6,9,1,0,0,0,0,0,0,33,488,573,22,143,10,0
Graduation,Single,64449.0,1,0,70,218,63,282,137,35,70,4,5,3,12,4,0,0,0,0,0,0,0,25,-48,805,24,419,98,3
Graduation,Divorced,64587.0,1,1,49,66,0,16,0,6,20,2,1,1,4,3,0,0,0,0,0,0,0,60,-172,108,8,16,6,2
Graduation,Single,34824.0,0,0,65,4,2,11,2,0,4,1,1,0,2,6,0,0,0,0,0,0,0,19,-84,23,4,13,2,2
Graduation,Together,75437.0,0,0,25,795,0,545,95,58,0,1,8,4,10,6,0,0,0,1,0,0,0,36,53,1493,23,640,58,3
Graduation,Together,26091.0,1,1,84,15,10,19,8,17,20,3,2,1,3,5,0,0,0,0,0,0,0,57,-55,89,9,27,27,2
Graduation,Married,52845.0,1,0,7,384,25,292,130,41,64,3,8,8,6,6,1,0,0,0,0,0,0,41,141,936,25,422,66,3
Graduation,Divorced,46086.0,0,1,34,244,8,32,7,2,50,4,3,1,8,4,0,0,0,0,0,0,0,58,59,343,16,39,10,2
PhD,Widow,78028.0,0,1,38,158,19,288,25,0,38,1,6,4,9,7,0,1,1,0,0,0,1,58,478,528,20,313,19,1
PhD,Single,95169.0,0,0,1,1285,21,449,106,20,20,1,4,3,4,1,0,0,1,1,0,0,1,27,84,1901,12,555,41,1
2n Cycle,Married,56337.0,1,1,25,349,16,144,28,5,182,5,8,5,4,8,1,0,0,1,0,0,1,33,280,724,22,172,21,0
Graduation,Together,22434.0,1,0,25,4,12,11,3,13,15,2,2,0,3,8,0,0,0,0,0,0,0,27,322,58,7,14,25,2
PhD,Married,36930.0,0,1,50,223,2,31,0,2,39,5,5,2,4,8,0,0,0,0,0,0,0,60,229,297,16,31,4,0
Graduation,Single,36130.0,0,1,46,157,43,127,68,56,37,6,3,8,4,4,1,0,0,0,0,0,1,60,333,488,21,195,99,2
Master,Married,65569.0,0,1,96,397,46,288,20,38,70,2,6,5,10,3,0,0,0,0,0,0,0,61,422,859,23,308,84,1
Graduation,Together,83844.0,0,0,57,901,31,345,75,31,191,1,4,4,11,1,0,0,1,0,0,0,0,62,234,1574,20,420,62,3
Graduation,Married,19514.0,1,1,47,14,3,21,2,1,28,4,3,1,2,8,1,0,0,0,0,0,0,46,-25,69,10,23,4,2
PhD,Single,36736.0,1,1,52,10,0,3,0,0,4,1,1,0,2,6,0,0,0,0,0,0,0,51,236,17,4,3,0,0
Graduation,Together,77568.0,0,1,30,1230,0,396,232,178,158,1,10,2,8,5,0,1,1,1,0,0,0,35,494,2194,21,628,178,3
PhD,Together,49187.0,0,1,63,81,1,31,2,1,0,1,1,1,5,2,0,0,0,0,0,0,0,38,-10,116,8,33,2,0
Graduation,Single,30168.0,1,0,51,154,20,66,0,12,27,7,6,1,4,9,0,0,0,0,0,0,0,36,300,279,18,66,32,2
Master,Together,34053.0,0,1,14,63,0,21,7,0,12,1,3,0,3,8,0,0,0,0,0,0,0,46,478,103,7,28,0,0
Master,Married,38196.0,1,1,20,30,0,11,0,0,3,3,2,0,4,5,0,0,0,0,0,0,0,43,-107,44,9,11,0,0
Master,Married,59412.0,0,0,56,90,67,165,30,43,11,1,4,2,8,3,0,0,0,0,0,0,0,63,-108,406,15,195,110,1
2n Cycle,Married,70924.0,0,0,41,635,114,254,132,152,76,1,6,6,7,3,0,0,1,0,0,0,0,49,-96,1363,20,386,266,3
Graduation,Together,54165.0,0,0,72,127,4,73,15,6,11,1,2,1,7,2,0,0,0,0,0,0,0,45,218,236,11,88,10,2
Graduation,Married,32300.0,1,0,1,13,3,6,6,5,6,1,1,0,3,8,0,0,0,0,0,0,0,41,363,39,5,12,8,2
Graduation,Single,20180.0,0,0,27,18,42,24,15,20,18,1,2,1,4,7,0,0,0,0,0,0,0,38,315,137,8,39,62,2
Graduation,Married,34961.0,1,0,77,45,2,26,4,1,1,3,3,1,3,7,0,0,0,0,0,0,0,41,-169,79,10,30,3,2
PhD,Together,28440.0,1,0,87,38,1,24,0,0,0,1,2,0,3,8,0,0,0,0,0,0,0,40,178,63,6,24,1,0
PhD,Together,64504.0,1,2,81,986,36,168,16,0,108,7,11,3,4,7,0,0,0,0,0,0,1,61,303,1314,25,184,36,1
Master,Together,33564.0,0,1,51,61,0,3,0,0,7,1,1,1,3,5,0,0,0,0,0,0,0,48,-174,71,6,3,0,0
Graduation,Married,17345.0,1,0,79,4,9,16,17,0,12,2,2,1,2,8,0,0,0,0,0,0,0,36,424,58,7,33,9,2
PhD,Married,56320.0,0,1,11,201,53,172,116,77,83,3,5,4,9,4,0,0,0,0,0,0,0,47,268,702,21,288,130,1
Graduation,Single,28647.0,1,0,54,19,8,29,0,12,26,1,2,2,2,7,1,0,0,0,0,0,1,36,133,94,7,29,20,2
Basic,Single,15038.0,1,0,93,4,8,11,19,12,26,2,2,1,2,9,0,0,0,0,0,0,0,27,337,80,7,30,20,2
PhD,Divorced,32173.0,0,1,0,18,0,2,0,0,2,1,1,0,3,4,0,0,0,0,0,0,0,56,153,22,5,2,0,0
2n Cycle,Together,68316.0,0,1,54,806,80,161,120,11,33,5,10,7,10,6,0,0,0,0,0,0,0,50,423,1211,32,281,91,1
Graduation,Together,74538.0,0,0,21,380,98,733,110,112,28,1,8,8,5,3,0,0,1,0,0,0,1,43,186,1461,22,843,210,3
Graduation,Single,91700.0,0,0,58,576,172,961,125,115,19,1,8,6,5,3,0,0,0,0,0,0,1,43,349,1968,20,1086,287,3
Graduation,Together,68695.0,0,0,3,458,81,356,106,50,40,1,4,4,7,2,0,0,0,0,0,0,0,45,-175,1091,16,462,131,3
2n Cycle,Married,31056.0,1,0,99,5,10,13,3,8,16,1,1,0,3,8,0,0,0,0,0,0,0,37,344,55,5,16,18,2
Graduation,Married,79593.0,0,0,70,350,60,568,110,133,145,1,5,6,7,2,0,0,1,0,0,0,0,41,-131,1366,19,678,193,3
Graduation,Single,28071.0,0,0,65,39,33,130,41,26,44,2,5,1,5,8,0,0,0,0,0,0,0,34,490,313,13,171,59,2
PhD,Together,37334.0,1,1,44,26,1,16,2,2,15,4,3,0,4,4,0,0,0,0,0,0,0,56,-56,62,11,18,3,0
Master,Single,46423.0,1,1,6,68,0,16,0,0,8,3,2,0,4,7,0,0,0,0,0,0,0,42,105,92,9,16,0,2
PhD,Married,37126.0,1,0,9,45,3,9,4,4,7,1,1,2,2,6,1,0,0,0,0,0,1,43,-88,72,6,13,7,0
Graduation,Married,47703.0,0,1,95,359,0,134,13,26,123,4,6,3,8,5,0,0,0,0,0,0,0,61,217,655,21,147,26,3
Graduation,Married,61180.0,0,1,70,403,24,29,6,24,218,2,5,5,6,3,1,0,0,0,0,0,0,55,-112,704,18,35,48,3
Graduation,Married,38998.0,1,1,92,34,1,14,0,0,5,3,2,0,3,8,0,0,0,0,0,1,0,60,424,54,8,14,1,2
Graduation,Single,8028.0,0,0,62,73,18,66,7,12,2,15,0,1,0,19,0,0,0,0,0,0,0,23,470,178,16,73,30,2
Graduation,Together,76081.0,0,0,85,292,30,415,63,33,200,1,4,5,4,2,0,0,0,1,0,0,0,52,-142,1033,14,478,63,3
Graduation,Together,34728.0,1,0,2,14,0,16,0,0,6,1,1,1,2,6,0,0,0,0,0,0,1,28,155,36,5,16,0,2
Master,Single,33168.0,0,1,0,80,1,37,0,1,3,3,2,1,4,7,0,0,0,0,0,0,0,49,445,122,10,37,2,2
Master,Married,33585.0,0,1,91,30,11,33,13,6,29,1,2,0,4,4,0,0,0,0,0,0,0,48,98,122,7,46,17,2
PhD,Married,77037.0,0,1,3,463,96,333,168,53,10,1,7,7,12,3,0,0,0,0,0,0,0,54,80,1123,27,501,149,1
Graduation,Together,35196.0,1,0,68,75,12,141,43,39,187,6,6,1,5,8,0,0,0,0,0,0,1,30,414,497,18,184,51,2
Graduation,Married,44529.0,0,1,98,538,13,91,17,6,26,6,6,2,11,5,0,1,0,0,0,0,0,48,180,691,25,108,19,3
2n Cycle,Married,70924.0,0,0,41,635,114,254,132,152,76,1,6,6,7,3,0,0,1,0,0,0,0,49,-96,1363,20,386,266,3
PhD,Together,28764.0,1,1,16,8,0,3,0,0,1,1,1,0,2,8,1,0,0,0,0,0,0,48,-155,12,4,3,0,0
PhD,Married,69098.0,0,0,82,1315,22,780,145,0,178,1,7,8,9,5,0,0,0,0,0,0,0,65,319,2440,25,925,22,1
2n Cycle,Divorced,25959.0,1,1,1,4,2,12,7,5,26,2,1,2,2,6,0,0,0,0,0,0,1,44,321,56,7,19,7,2
Master,Married,27100.0,1,0,64,12,0,13,2,0,10,1,1,0,3,7,0,0,0,0,0,0,0,31,271,37,5,15,0,2
Graduation,Single,70596.0,0,0,68,347,44,534,17,0,26,1,3,5,12,2,0,0,0,0,0,0,0,29,453,968,21,551,44,3
Graduation,Married,42557.0,0,1,98,192,5,53,0,5,15,4,6,1,4,8,0,0,0,0,0,0,0,40,490,270,15,53,10,2
PhD,Married,53312.0,0,0,32,241,0,12,0,0,25,1,5,1,5,7,0,0,0,0,0,0,0,63,145,278,12,12,0,0
Graduation,Single,72228.0,0,0,87,631,28,491,30,14,56,1,6,7,8,3,0,0,0,0,0,0,0,62,400,1250,22,521,42,3
Graduation,Together,67605.0,0,0,84,336,28,282,184,54,54,1,2,8,6,1,0,0,0,0,0,0,0,27,276,938,17,466,82,3
Master,Married,62845.0,1,1,3,1099,0,45,0,0,34,11,3,4,10,8,0,1,0,0,0,0,0,65,457,1178,28,45,0,1
Graduation,Together,65196.0,0,2,34,743,19,181,12,0,200,2,7,6,11,5,1,0,0,0,0,0,0,56,160,1155,26,193,19,3
PhD,Single,42000.0,0,0,23,124,83,267,85,59,35,2,5,2,11,5,0,0,0,0,0,0,1,27,356,653,20,352,142,1
PhD,Divorced,35860.0,1,1,37,15,0,8,4,2,20,2,1,1,2,5,1,0,0,0,0,0,0,41,-138,49,6,12,2,0
PhD,Married,65526.0,0,1,22,397,19,69,12,0,9,1,4,4,8,2,0,0,0,0,0,0,0,50,-100,506,17,81,19,1
Graduation,Married,16860.0,1,1,19,10,4,4,3,3,14,3,1,1,3,7,0,0,0,0,0,0,0,53,476,38,8,7,7,2
Graduation,Single,83528.0,0,0,7,530,117,678,134,44,147,1,4,10,8,1,1,0,0,1,0,0,1,22,-120,1650,23,812,161,3
2n Cycle,Divorced,64176.0,0,1,52,1215,33,249,64,116,149,8,8,9,8,6,0,0,0,0,0,0,0,49,516,1826,33,313,149,3
Graduation,Divorced,22304.0,0,0,91,3,2,7,0,4,2,1,1,0,2,8,0,0,0,0,0,0,0,58,515,18,4,7,6,2
Graduation,Married,67023.0,0,0,93,444,44,382,11,8,17,1,3,7,13,2,0,0,0,0,0,1,0,36,-62,906,24,393,52,3
PhD,Together,32892.0,1,0,78,26,0,15,2,1,2,2,3,0,3,8,0,0,0,0,0,0,0,43,-144,46,8,17,1,0
Graduation,Together,70713.0,0,1,23,736,114,279,82,76,190,6,5,6,8,3,0,0,0,0,0,0,0,48,394,1477,25,361,190,3
Graduation,Together,59925.0,0,1,83,473,21,176,19,21,56,3,9,2,9,6,0,0,0,0,0,0,0,59,397,766,23,195,42,3
Graduation,Married,39722.0,0,1,92,32,0,5,2,0,8,2,2,0,3,5,0,0,0,0,0,0,0,61,-54,47,7,7,0,2
Graduation,Together,46610.0,0,0,4,288,10,30,4,10,125,1,6,1,6,6,0,0,0,0,0,0,0,56,167,467,14,34,20,2
Graduation,Together,88347.0,0,0,32,1050,178,555,77,138,118,1,4,7,9,1,0,0,0,1,0,0,0,53,182,2116,21,632,316,3
PhD,Married,87171.0,0,0,27,1001,44,107,58,44,44,1,6,7,11,2,1,0,1,0,0,0,0,33,245,1298,25,165,88,1
2n Cycle,Together,26907.0,1,1,10,9,1,7,0,3,2,2,1,0,3,7,0,0,0,0,0,0,0,38,134,22,6,7,4,2
Master,Single,50014.0,1,0,9,234,14,77,19,10,42,2,4,1,8,5,0,0,0,0,0,0,0,46,-21,396,15,96,24,0
PhD,Married,41014.0,1,0,65,7,2,6,2,0,3,1,1,0,2,7,0,0,0,0,0,0,0,36,254,20,4,8,2,0
Graduation,Single,66294.0,0,0,68,251,108,334,65,92,117,1,4,3,5,2,0,0,0,0,0,0,0,49,-75,967,13,399,200,3
Graduation,Married,36715.0,1,0,16,172,10,125,21,13,16,6,7,2,4,9,0,0,0,0,0,0,1,43,410,357,19,146,23,2
Graduation,Married,79456.0,0,0,12,565,42,548,64,83,99,1,5,6,4,3,0,0,0,0,0,0,1,58,497,1401,16,612,125,3
Graduation,Together,40479.0,1,0,95,5,0,8,2,0,0,1,0,0,3,4,0,0,0,0,0,0,0,32,137,15,4,10,0,2
Master,Single,75345.0,0,0,16,918,57,842,99,38,133,1,5,8,6,3,0,0,0,1,0,0,1,44,333,2087,20,941,95,3
Graduation,Married,54233.0,0,1,46,652,8,158,21,0,142,4,11,6,5,8,0,0,0,0,0,0,0,37,331,981,26,179,8,3
Graduation,Single,24163.0,1,1,3,4,1,7,2,1,2,2,1,0,3,4,0,0,0,0,0,0,0,44,81,17,6,9,2,2
PhD,Together,84460.0,0,0,80,152,27,103,106,54,81,0,9,9,4,5,0,1,1,1,1,0,1,56,362,523,22,209,81,1
Graduation,Together,43776.0,1,0,77,8,0,9,2,1,3,1,1,0,2,6,0,0,0,0,0,0,0,31,-122,23,4,11,1,2
PhD,Single,71691.0,0,0,0,336,130,411,240,32,43,1,4,7,5,2,0,0,0,0,0,0,1,56,-75,1192,17,651,162,1
PhD,Married,85844.0,0,0,62,938,19,843,25,95,38,1,6,6,7,2,0,0,1,0,0,0,0,41,-148,1958,20,868,114,1
PhD,Single,39190.0,1,0,91,68,8,18,19,8,12,2,2,1,4,5,0,0,0,0,0,0,0,40,-115,133,9,37,16,0
Graduation,Together,71367.0,0,0,24,227,23,389,42,21,75,1,4,5,7,2,0,0,0,0,0,0,0,55,131,777,17,431,44,3
PhD,Single,38578.0,1,1,2,38,4,22,3,3,3,3,3,0,3,8,0,0,0,0,0,0,0,42,193,73,9,25,7,0
PhD,Married,57236.0,1,1,22,105,0,9,2,1,4,3,2,1,4,3,0,0,0,0,0,0,0,49,-70,121,10,11,1,0
Graduation,Single,61825.0,0,1,56,162,50,100,55,30,27,1,4,2,8,4,0,0,0,0,0,0,0,35,147,424,15,155,80,2
Graduation,Divorced,79803.0,0,1,54,574,8,216,21,16,33,1,4,3,5,1,0,0,0,0,0,0,0,56,-152,868,13,237,24,3
2n Cycle,Single,80910.0,0,0,71,160,80,369,67,39,41,1,3,3,8,1,0,0,0,0,0,0,0,28,427,756,15,436,119,3
Master,Together,27590.0,1,0,38,6,0,5,0,0,1,1,1,0,2,7,0,0,0,0,0,0,0,32,253,12,4,5,0,2
Graduation,Married,56775.0,0,1,62,614,35,160,58,35,35,2,5,8,10,5,0,0,0,0,0,0,0,35,364,937,25,218,70,3
Graduation,Divorced,83829.0,0,0,78,897,161,430,186,161,27,0,4,7,6,1,1,0,1,1,0,0,1,39,85,1862,17,616,322,3
2n Cycle,Married,54210.0,0,1,18,70,54,109,80,9,45,2,4,1,7,5,0,0,0,0,0,0,0,35,226,367,14,189,63,2
Graduation,Married,38508.0,1,0,95,120,19,206,25,19,54,6,7,2,5,8,0,0,0,0,0,0,0,28,152,443,20,231,38,2
Graduation,Together,53187.0,1,0,66,211,2,30,7,7,10,2,4,1,6,5,0,0,0,0,0,0,0,44,67,267,13,37,9,2
Graduation,Married,30023.0,1,0,28,11,0,16,7,6,21,1,2,0,3,8,0,0,0,0,0,0,0,42,-82,61,6,23,6,2
PhD,Single,76045.0,0,0,78,760,53,400,17,93,0,1,4,5,11,2,0,0,0,1,0,0,0,54,47,1323,21,417,146,1
PhD,Married,50870.0,0,1,13,53,0,8,0,0,2,1,2,0,3,5,0,0,0,0,0,0,0,62,-169,63,6,8,0,0
2n Cycle,Married,15315.0,0,0,27,7,4,13,15,8,17,2,2,0,4,5,0,0,0,0,0,0,0,44,151,64,8,28,12,2
2n Cycle,Married,65463.0,1,0,17,391,32,70,21,32,16,2,6,2,9,5,0,1,0,0,0,0,0,40,-29,562,19,91,64,0
Graduation,Married,66480.0,1,1,71,199,9,57,20,21,6,7,4,1,7,4,0,0,0,0,0,0,0,49,-150,312,19,77,30,2
Graduation,Divorced,76773.0,0,0,79,516,56,449,86,33,16,1,2,2,11,1,0,0,0,0,0,0,0,60,310,1156,16,535,89,3
2n Cycle,Single,81698.0,0,0,1,709,45,115,30,160,45,1,8,2,5,5,0,0,0,1,0,0,1,31,306,1104,16,145,205,3
PhD,Single,54466.0,1,1,78,12,0,4,0,0,0,1,1,0,2,5,0,0,0,0,0,0,0,41,-39,16,4,4,0,0
Master,Single,98777.0,0,0,23,1000,19,711,125,115,38,0,4,6,9,1,0,1,0,0,0,0,0,54,-47,2008,19,836,134,3
PhD,Single,16269.0,1,0,75,19,3,18,3,1,0,3,3,0,3,8,0,0,0,0,0,0,0,30,124,44,9,21,4,0
Graduation,Together,71819.0,0,1,70,1224,28,140,0,14,168,3,3,3,5,6,0,1,1,0,0,0,0,43,126,1574,14,140,42,3
PhD,Married,33569.0,1,0,10,16,2,18,3,0,24,1,1,1,2,8,1,0,0,0,0,0,1,31,77,63,5,21,2,0
Master,Married,36262.0,0,0,24,88,39,54,64,28,153,1,3,5,3,6,1,0,0,0,0,0,1,31,103,426,12,118,67,2
Basic,Together,22634.0,0,0,47,2,23,11,8,6,46,1,2,1,2,8,0,0,0,0,0,0,0,48,350,96,6,19,29,2
2n Cycle,Married,47025.0,0,1,98,508,11,59,23,5,29,5,11,1,6,9,0,0,0,0,0,0,0,36,111,635,23,82,16,0
Graduation,Single,70566.0,0,1,4,381,28,215,84,28,21,2,6,5,9,3,0,0,0,0,0,0,0,46,87,757,22,299,56,3
PhD,Married,31605.0,1,0,15,74,0,42,2,1,6,2,2,1,4,7,0,0,0,0,0,0,0,35,405,125,9,44,1,0
Master,Divorced,52034.0,1,1,67,146,0,93,7,13,73,5,4,2,5,7,0,0,0,0,0,0,0,41,229,332,16,100,13,0
Graduation,Single,48526.0,1,0,32,23,17,23,43,20,9,1,2,1,4,3,0,0,0,0,0,0,0,35,8,135,8,66,37,2
Graduation,Married,46734.0,0,1,40,110,5,137,26,23,29,2,6,1,5,7,0,0,0,0,0,0,0,60,409,330,14,163,28,2
Graduation,Divorced,39552.0,1,1,54,165,3,147,4,24,41,7,6,2,5,8,0,0,0,0,0,0,1,52,379,384,20,151,27,2
Graduation,Single,86358.0,1,1,78,957,47,494,82,47,95,4,5,3,6,8,0,0,0,0,0,0,0,48,511,1722,18,576,94,3
Graduation,Together,46931.0,2,1,94,41,0,17,3,1,16,2,1,1,3,3,0,0,0,0,0,0,0,37,-113,78,7,20,1,2
Basic,Single,16581.0,0,0,51,1,3,4,2,3,11,1,0,0,3,4,0,0,0,0,0,0,0,29,354,24,4,6,6,2
2n Cycle,Divorced,63998.0,0,0,42,176,29,818,0,33,112,1,7,6,11,4,0,0,0,0,0,0,1,62,12,1168,25,818,62,3
Master,Married,67381.0,0,1,67,815,8,53,11,0,70,4,2,2,9,7,0,1,0,0,0,0,0,63,351,957,17,64,8,1
Graduation,Single,25930.0,1,1,87,6,1,2,2,0,4,1,1,0,2,7,0,0,0,0,0,0,0,47,83,15,4,4,1,2
Graduation,Married,42693.0,1,0,29,8,4,20,6,3,16,1,1,0,3,5,0,0,0,0,0,0,0,36,-157,57,5,26,7,2
Graduation,Together,85606.0,0,1,89,717,42,864,219,30,84,2,6,7,9,3,0,0,0,1,0,0,0,38,415,1956,24,1083,72,3
Graduation,Single,72903.0,0,0,74,1067,138,750,0,19,39,1,7,5,8,4,0,1,1,1,0,0,1,29,64,2013,21,750,157,3
2n Cycle,Together,49669.0,1,0,97,166,5,107,11,8,29,2,5,1,6,6,0,0,0,0,0,0,0,40,-143,326,14,118,13,0
PhD,Married,36778.0,1,1,63,29,4,34,2,4,4,3,3,0,3,9,0,0,0,0,0,0,0,46,514,77,9,36,8,0
PhD,Divorced,85696.0,0,0,88,714,76,395,116,0,12,1,4,6,9,1,0,0,0,0,0,0,1,52,243,1313,20,511,76,1
Master,Divorced,10979.0,0,0,34,8,4,10,2,2,4,2,3,0,3,5,0,0,0,0,0,0,0,25,-141,30,8,12,6,2
Graduation,Married,49678.0,0,1,81,229,5,56,3,2,20,2,6,2,4,7,0,0,0,0,0,0,0,53,333,315,14,59,7,2
Master,Together,56129.0,0,1,65,320,48,133,39,72,48,4,6,2,10,4,0,0,0,0,0,0,0,61,195,660,22,172,120,1
Graduation,Married,37155.0,1,0,51,23,0,26,7,15,3,1,2,0,4,5,0,0,0,0,0,0,0,25,335,74,7,33,15,2
2n Cycle,Divorced,21282.0,1,0,76,1,5,8,4,8,20,2,2,1,2,6,0,0,0,0,0,0,0,36,-130,46,7,12,13,2
PhD,Single,33419.0,0,1,76,56,0,12,0,0,18,2,2,0,4,7,0,0,0,0,0,0,0,52,137,86,8,12,0,0
Graduation,Widow,63285.0,0,0,84,508,124,249,50,38,134,1,6,5,13,3,0,0,0,0,0,0,0,69,57,1103,25,299,162,3
Master,Together,21255.0,1,0,56,29,0,25,2,2,3,4,2,1,4,4,0,0,0,0,0,0,0,40,-20,61,11,27,2,2
Graduation,Together,42162.0,1,0,31,46,7,59,2,4,27,2,3,1,3,6,1,0,0,0,0,0,1,33,43,145,9,61,11,2
Graduation,Together,54450.0,1,1,0,454,0,171,8,19,32,12,9,2,8,8,0,0,0,0,0,0,0,58,474,684,31,179,19,0
PhD,Married,57744.0,0,1,91,350,3,39,0,0,19,2,9,1,4,8,0,0,0,0,0,0,0,60,50,411,16,39,3,0
Graduation,Single,26576.0,1,0,40,10,0,8,0,0,9,1,1,0,2,9,1,0,0,0,0,0,1,28,445,27,4,8,0,2
PhD,Widow,57513.0,0,0,59,735,40,183,52,20,30,2,9,3,13,6,0,0,0,0,0,0,0,71,179,1060,27,235,60,1
Graduation,Together,68142.0,0,1,96,897,126,196,91,112,37,3,10,4,7,6,0,0,0,0,0,0,0,50,490,1459,24,287,238,3
Graduation,Married,7500.0,0,1,61,5,2,3,3,0,5,1,1,0,2,8,0,0,0,0,0,0,0,35,490,18,4,6,2,2
Graduation,Together,83145.0,0,0,14,777,35,731,39,137,114,1,5,9,11,2,0,0,1,0,0,0,1,40,466,1833,26,770,172,3
Master,Married,54197.0,0,1,16,162,6,37,6,13,13,2,1,3,6,1,0,0,0,0,0,0,0,54,-92,237,12,43,19,0
PhD,Single,23091.0,1,1,98,35,0,11,0,0,2,4,2,1,3,7,0,0,0,0,0,0,0,51,-147,48,10,11,0,0
Graduation,Married,46049.0,1,1,11,342,9,112,19,14,19,10,5,2,9,7,0,0,0,0,0,0,1,38,164,515,26,131,23,2
Graduation,Together,56715.0,0,0,52,258,105,239,237,172,9,1,7,3,4,4,0,0,0,0,0,0,0,40,392,1020,15,476,277,3
Graduation,Married,79410.0,0,0,19,658,80,483,123,13,13,1,3,2,5,1,0,0,0,0,0,0,0,53,-148,1370,11,606,93,3
Graduation,Married,57304.0,0,1,61,356,80,329,138,17,106,2,7,6,10,5,0,0,0,0,0,0,0,63,296,1026,25,467,97,3
Graduation,Married,44375.0,0,1,73,213,5,28,7,7,41,1,4,1,6,5,0,0,0,0,0,0,0,49,-81,301,12,35,12,2
Graduation,Together,54450.0,1,1,0,454,0,171,8,19,32,12,9,2,8,8,0,0,0,0,0,0,0,58,474,684,31,179,19,0
Graduation,Married,59594.0,0,1,74,457,4,29,0,0,9,1,8,1,7,7,0,1,0,0,0,0,0,49,438,499,17,29,4,2
Graduation,Together,80685.0,0,0,55,241,45,604,34,26,54,1,6,4,10,2,0,0,0,0,0,0,0,20,497,1004,21,638,71,3
PhD,Married,40344.0,0,1,48,210,0,6,0,0,2,2,4,1,5,7,0,0,0,0,0,0,0,40,80,218,12,6,0,0
Graduation,Married,62710.0,0,1,53,441,35,83,7,29,11,4,4,2,12,4,0,0,0,0,0,0,0,42,223,606,22,90,64,3
2n Cycle,Married,48985.0,0,1,13,19,13,18,10,7,8,1,1,1,3,3,0,0,0,0,0,0,0,46,180,75,6,28,20,0
Graduation,Together,35322.0,1,2,34,28,9,37,12,7,13,3,2,0,4,8,0,0,0,0,0,0,0,46,497,106,9,49,16,2
Graduation,Married,77142.0,0,0,54,476,75,162,29,151,97,1,4,4,8,2,0,0,0,0,0,0,0,66,217,990,17,191,226,3
Graduation,Single,81657.0,0,0,69,364,40,425,158,60,50,1,3,4,8,1,0,0,0,0,0,0,0,45,-21,1097,16,583,100,3
Basic,Married,14421.0,0,0,81,0,0,2,3,3,8,1,1,0,2,5,1,0,0,0,0,0,0,18,-47,16,4,5,3,2
2n Cycle,Married,20130.0,0,0,99,0,6,3,7,6,12,1,1,0,3,8,0,0,0,0,0,0,0,40,-75,34,5,10,12,2
PhD,Married,74214.0,0,0,3,863,83,547,86,99,33,1,8,2,5,5,0,0,0,0,0,0,0,24,493,1711,16,633,182,1
Master,Married,66726.0,1,1,61,349,7,35,0,0,47,3,8,2,4,7,0,1,0,0,0,0,0,57,-11,438,17,35,7,0
Basic,Together,23724.0,1,0,65,5,23,15,0,18,14,2,2,0,3,8,0,0,0,0,0,0,0,35,358,75,7,15,41,2
Master,Married,47353.0,0,1,93,184,2,19,8,8,4,3,2,2,6,5,0,0,0,0,0,0,0,54,49,225,13,27,10,0
Master,Married,33444.0,1,1,24,8,0,8,0,0,2,1,1,0,2,8,0,0,0,0,0,0,0,62,424,18,4,8,0,0
Graduation,Married,54386.0,0,1,8,277,21,64,62,21,25,2,3,2,10,3,0,0,0,0,0,0,0,33,229,470,17,126,42,2
Graduation,Divorced,28510.0,1,1,72,44,5,19,0,4,19,3,2,0,4,5,0,0,0,0,0,0,0,33,263,91,9,19,9,2
Master,Single,90638.0,0,0,29,1156,120,915,94,144,96,1,3,4,10,1,0,0,1,0,0,0,0,23,-43,2525,18,1009,264,3
Graduation,Together,48070.0,0,1,33,373,14,83,6,9,19,3,8,2,6,7,0,0,0,0,0,1,0,64,353,504,19,89,23,0
Graduation,Married,43140.0,0,1,68,134,8,76,6,0,11,1,4,1,5,6,0,0,0,0,0,0,0,57,361,235,11,82,8,2
PhD,Divorced,54959.0,0,1,55,1148,0,60,0,0,24,3,9,5,4,7,0,1,0,0,0,0,1,53,347,1232,21,60,0,1
Basic,Single,15056.0,1,1,76,6,12,3,21,6,40,5,2,2,3,5,0,0,0,0,0,0,0,56,243,88,12,24,18,2
Graduation,Single,26954.0,1,0,17,4,1,11,0,0,1,1,1,0,2,7,0,0,0,0,0,0,0,43,-127,17,4,11,1,2
Graduation,Single,22327.0,1,0,94,5,4,8,2,0,5,1,1,0,3,5,0,0,0,0,0,0,0,29,152,24,5,10,4,2
Graduation,Married,44393.0,1,1,86,24,2,20,2,2,10,2,1,0,4,4,0,0,0,0,0,0,0,49,132,60,7,22,4,2
PhD,Single,62000.0,0,1,25,899,0,101,0,0,20,1,6,6,13,4,0,0,0,1,0,0,0,62,129,1020,26,101,0,1
PhD,Together,31497.0,0,1,22,108,1,28,13,1,4,2,3,1,4,8,0,0,0,0,0,0,0,52,391,155,10,41,2,0
2n Cycle,Married,45894.0,0,2,15,27,2,7,0,2,13,1,1,0,3,5,0,0,0,0,0,0,0,40,-57,51,5,7,4,2
Master,Divorced,78579.0,0,0,35,816,66,549,216,66,99,1,5,6,4,3,0,0,0,0,0,0,1,44,375,1812,16,765,132,3
Master,Widow,67369.0,0,1,81,1298,0,70,37,14,42,4,7,4,10,4,0,1,1,0,0,0,1,45,410,1461,25,107,14,1
Graduation,Divorced,58401.0,0,1,55,10,0,11,17,29,29,1,1,2,2,4,0,0,0,0,0,0,0,54,-109,96,6,28,29,2
Graduation,Single,62307.0,0,1,94,87,13,34,10,6,10,1,4,0,4,5,0,0,0,0,0,0,0,62,-47,160,9,44,19,2
Master,Married,43641.0,1,1,50,57,2,51,4,2,23,3,2,1,4,6,0,0,0,0,0,0,0,45,254,139,10,55,4,0
Master,Divorced,63841.0,0,1,64,635,15,100,20,7,131,1,9,3,9,6,0,0,0,0,0,0,0,46,255,908,22,120,22,1
2n Cycle,Married,46891.0,0,1,91,43,12,23,29,15,61,1,2,1,4,4,0,0,0,0,0,0,0,49,122,183,8,52,27,0
Master,Married,70091.0,1,0,11,964,34,137,15,0,11,2,5,2,10,8,0,1,0,0,0,0,0,45,276,1161,19,152,34,1
PhD,Married,78075.0,0,0,72,572,8,259,34,35,80,1,3,5,5,1,0,0,0,0,0,0,0,42,-94,988,14,293,43,1
2n Cycle,Widow,59184.0,0,1,6,341,142,113,259,151,66,3,6,6,12,5,0,0,0,0,0,0,0,53,479,1072,27,372,293,3
Graduation,Married,54809.0,1,1,0,63,6,57,13,13,22,4,2,1,5,4,0,0,0,0,0,0,0,37,112,174,12,70,19,2
Graduation,Married,58113.0,0,1,66,221,104,169,102,78,84,3,9,2,8,7,0,0,0,0,0,1,0,55,341,758,22,271,182,3
Master,Married,51412.0,0,1,42,140,3,29,4,5,14,2,3,2,4,4,0,0,0,0,0,0,0,56,1,195,11,33,8,0
Graduation,Divorced,15287.0,1,0,60,1,2,8,4,3,13,2,1,1,2,7,1,0,0,0,0,0,1,35,448,31,6,12,5,2
Master,Together,66636.0,0,0,64,291,10,689,84,10,0,1,3,4,9,1,0,0,0,0,0,0,0,57,137,1084,17,773,20,1
Master,Married,50965.0,0,1,87,544,13,85,8,6,29,3,10,4,5,8,1,0,0,0,0,0,0,58,315,685,22,93,19,0
PhD,Married,84618.0,0,0,96,684,100,801,21,66,0,1,6,9,10,2,0,0,1,0,0,0,0,49,40,1672,26,822,166,1
Graduation,Married,18351.0,0,0,1,1,12,9,0,14,7,1,2,0,3,7,0,0,0,0,0,0,0,24,64,43,6,9,26,2
PhD,Together,40451.0,0,2,54,35,0,4,0,0,10,1,1,1,2,5,1,0,0,0,0,0,0,57,-46,49,5,4,0,0
Graduation,Together,36317.0,0,1,53,87,3,25,3,2,13,2,3,0,4,7,0,0,0,0,0,0,0,49,224,133,9,28,5,2
Graduation,Together,42213.0,0,1,96,309,3,24,4,3,20,2,5,1,7,7,0,1,0,0,0,0,0,57,81,363,15,28,6,2
Graduation,Together,65748.0,0,1,58,172,73,93,95,78,34,2,2,4,10,1,0,0,0,0,0,1,0,59,261,545,18,188,151,3
Graduation,Together,77044.0,0,1,12,625,38,242,50,34,76,2,7,11,11,4,1,0,0,0,0,0,0,42,66,1065,31,292,72,3
Graduation,Together,74918.0,0,0,78,972,59,913,25,19,59,1,5,9,6,3,0,0,1,0,0,0,0,45,295,2047,21,938,78,3
Graduation,Married,56721.0,1,1,64,157,6,39,6,13,75,5,4,1,5,6,0,0,0,0,0,0,0,42,427,296,15,45,19,2
Graduation,Single,42160.0,1,1,26,48,9,45,3,15,20,4,2,1,4,6,0,0,0,0,0,0,1,39,187,140,11,48,24,2
Graduation,Single,61559.0,0,1,8,279,83,88,32,14,34,1,4,2,10,3,0,0,0,0,0,0,0,49,168,530,17,120,97,3
PhD,Together,33629.0,1,1,49,132,0,16,0,0,4,5,3,1,4,9,0,0,0,0,0,0,0,51,511,152,13,16,0,0
PhD,Together,68682.0,0,0,56,919,0,505,99,30,45,1,4,9,10,2,0,0,0,0,0,0,0,23,87,1598,24,604,30,1
Graduation,Single,34377.0,0,1,55,62,0,22,3,1,26,2,2,2,2,7,0,0,0,0,0,0,0,51,347,114,8,25,1,2
Basic,Single,8940.0,1,0,25,1,45,3,4,6,42,3,3,1,3,8,0,0,0,0,0,0,0,28,497,101,10,7,51,2
Graduation,Married,26228.0,1,0,50,2,6,4,3,1,9,1,1,0,2,8,0,0,0,0,0,0,0,41,101,25,4,7,7,2
2n Cycle,Divorced,77297.0,0,0,84,408,61,109,48,122,41,1,5,7,9,4,0,0,0,1,0,0,0,57,340,789,22,157,183,3
Graduation,Married,40211.0,1,1,30,51,1,7,2,1,25,2,2,1,2,8,1,0,0,0,0,0,0,33,155,87,7,9,2,2
PhD,Widow,33438.0,1,1,81,62,1,16,3,2,6,4,2,1,4,5,0,0,0,0,0,0,0,56,101,90,11,19,3,0
PhD,Married,75032.0,0,1,74,952,12,180,47,12,12,2,5,4,9,3,0,0,0,0,0,0,0,55,248,1215,20,227,24,1
PhD,Single,61284.0,0,0,76,618,15,106,20,7,45,1,11,2,8,6,0,1,0,0,0,0,0,59,81,811,22,126,22,1
Graduation,Married,22518.0,1,0,36,11,7,12,2,2,27,2,2,1,2,5,1,0,0,0,0,0,1,28,436,61,7,14,9,2
Master,Married,54730.0,0,1,64,318,3,17,4,7,56,5,4,1,8,4,0,0,0,0,0,0,0,39,139,405,18,21,10,0
Master,Married,38452.0,1,1,62,56,0,14,0,0,2,3,3,0,3,7,0,0,0,0,0,0,0,59,-88,72,9,14,0,0
Graduation,Divorced,44421.0,1,1,53,110,5,59,7,1,7,5,5,0,4,8,0,0,0,0,0,0,0,43,320,189,14,66,6,2
PhD,Together,38197.0,1,0,86,23,0,11,2,1,3,1,1,0,3,5,0,0,0,0,0,0,0,28,186,40,5,13,1,0
Graduation,Divorced,41986.0,0,1,15,27,5,8,8,3,12,3,3,0,4,4,0,0,0,0,0,0,0,36,-39,63,10,16,8,2
Graduation,Together,28427.0,1,0,67,18,3,19,3,3,6,2,2,0,3,8,0,0,0,0,0,0,0,31,286,52,7,22,6,2
PhD,Together,37395.0,1,0,47,18,0,9,0,1,11,1,1,0,3,6,0,0,0,0,0,0,0,38,-121,39,5,9,1,0
Graduation,Married,64722.0,1,0,47,303,0,280,60,147,15,4,8,2,11,6,0,0,0,0,0,0,0,43,-145,805,25,340,147,3
Master,Together,55249.0,0,1,81,97,1,19,2,0,11,1,2,1,4,3,0,0,0,0,0,0,0,58,-106,130,8,21,1,0
Graduation,Together,84906.0,0,0,98,997,15,414,99,30,76,1,5,6,12,2,0,1,1,0,1,0,0,42,89,1631,24,513,45,3
Graduation,Married,28691.0,1,0,56,5,4,13,8,0,4,1,1,0,3,8,0,0,0,0,0,0,0,25,181,34,5,21,4,2
Graduation,Single,44213.0,1,1,48,95,11,35,0,4,7,4,2,1,5,6,0,0,0,0,0,0,0,62,33,152,12,35,15,2
Basic,Single,25707.0,1,0,18,1,6,2,3,6,3,1,1,0,3,7,0,0,0,0,0,0,0,30,-17,21,5,5,12,2
PhD,Married,59062.0,2,1,74,46,1,12,3,0,9,2,2,0,3,4,0,0,0,0,0,0,0,47,90,71,7,15,1,0
Graduation,Single,76624.0,0,1,68,411,106,147,54,115,66,1,5,10,7,1,1,0,0,0,0,0,0,52,-143,899,23,201,221,3
Master,Together,66000.0,0,0,36,244,51,270,101,0,45,1,1,3,5,1,0,0,0,0,0,0,0,67,-109,711,10,371,51,1
PhD,Together,27683.0,1,0,90,152,9,121,12,12,45,4,6,2,4,8,0,0,0,0,0,0,0,36,515,351,16,133,21,0
Graduation,Divorced,1730.0,0,0,65,1,1,3,1,1,1,15,0,0,0,20,0,0,0,0,0,0,0,43,-137,8,15,4,2,2
Basic,Single,7500.0,1,0,63,10,17,18,8,26,40,4,3,2,2,9,0,0,0,0,0,0,0,22,394,119,11,26,43,2
Graduation,Together,40521.0,1,1,82,12,0,5,0,0,4,1,0,1,2,5,0,0,0,0,0,0,0,46,271,21,4,5,0,2
PhD,Together,20427.0,1,0,63,5,0,4,0,0,1,1,1,0,2,8,0,0,0,0,0,0,0,41,-82,10,4,4,0,0
Graduation,Married,65106.0,0,1,55,790,19,133,12,0,19,3,8,3,13,6,0,1,0,0,0,0,0,39,-143,973,27,145,19,3
PhD,Married,69969.0,0,0,64,882,29,514,38,29,44,1,4,2,6,3,0,0,1,1,0,0,1,49,127,1536,13,552,58,1
Graduation,Married,67433.0,0,2,51,615,28,259,12,48,30,4,6,5,13,4,0,1,0,0,0,0,0,62,169,992,28,271,76,3
PhD,Married,77766.0,0,1,97,1004,59,265,115,59,27,2,11,10,11,6,1,0,0,0,0,0,1,47,313,1529,34,380,118,1
Graduation,Married,74716.0,0,1,92,133,27,421,13,195,71,2,7,3,5,4,0,0,0,0,0,0,0,42,111,860,17,434,222,3
Graduation,Divorced,68118.0,0,1,51,595,23,123,10,23,154,2,8,9,4,6,0,0,0,0,0,0,0,51,75,928,23,133,46,3
PhD,Married,55158.0,1,1,72,293,0,87,4,11,23,4,7,2,5,7,0,0,0,0,0,0,1,44,520,418,18,91,11,0
2n Cycle,Married,62972.0,0,1,39,313,15,47,20,0,192,2,7,4,3,6,0,0,0,0,0,0,1,59,516,587,16,67,15,1
Graduation,Married,74190.0,0,1,49,151,81,86,168,91,64,2,4,2,11,2,0,0,0,0,0,0,0,39,-131,641,19,254,172,3
Graduation,Married,39356.0,1,1,21,15,0,2,0,0,6,1,1,0,2,6,1,0,0,0,0,0,0,38,-77,23,4,2,0,2
Graduation,Together,76653.0,0,0,91,736,63,946,219,189,126,1,4,7,11,2,0,0,1,1,0,0,0,45,138,2279,23,1165,252,3
PhD,Divorced,35860.0,1,1,37,15,0,8,4,2,20,2,1,1,2,5,1,0,0,0,0,0,0,41,-138,49,6,12,2,0
PhD,Divorced,90687.0,0,0,98,982,17,672,23,34,51,1,6,2,8,2,0,0,1,0,0,0,1,31,224,1779,17,695,51,1
Master,Together,73450.0,0,0,85,1142,51,415,90,69,37,1,7,8,11,3,1,0,0,1,0,0,0,32,27,1804,27,505,120,3
Graduation,Married,31454.0,1,1,40,28,0,11,0,0,9,3,2,0,3,8,0,0,0,0,0,0,0,54,179,48,8,11,0,2
Graduation,Single,47139.0,1,1,2,46,0,12,0,2,23,2,2,1,2,7,0,0,0,0,0,0,1,62,-64,83,7,12,2,2
Graduation,Divorced,83829.0,0,0,78,897,161,430,186,161,27,0,4,7,6,1,1,0,1,1,0,0,1,39,85,1862,17,616,322,3
PhD,Married,53378.0,1,1,41,489,6,152,8,6,132,10,9,4,6,8,0,0,0,0,0,0,1,51,464,793,29,160,12,1
Graduation,Together,19656.0,1,0,94,25,4,9,6,8,32,3,2,1,3,7,0,0,0,0,0,0,0,44,327,84,9,15,12,2
PhD,Married,45579.0,0,1,10,145,1,33,2,1,1,1,4,1,4,6,0,0,0,0,0,0,0,66,134,183,10,35,2,0
2n Cycle,Single,85485.0,0,0,73,630,26,611,44,18,54,1,6,6,6,2,0,0,0,0,0,0,0,56,-171,1383,19,655,44,3
Graduation,Married,55956.0,0,0,22,760,38,104,50,9,38,2,7,3,4,4,0,1,0,0,0,0,0,70,-96,999,16,154,47,3
Master,Single,64191.0,0,1,30,420,15,186,151,38,15,3,5,3,13,3,0,0,0,0,0,0,0,51,344,825,24,337,53,1
Graduation,Single,38808.0,1,0,21,125,17,52,3,19,30,4,5,1,4,8,1,0,0,0,0,0,1,42,493,246,14,55,36,2
Master,Married,57183.0,1,1,51,464,5,64,7,0,70,8,9,1,7,8,0,0,0,0,0,0,0,48,288,610,25,71,5,0
Master,Divorced,23748.0,1,0,97,6,6,29,12,15,8,3,2,1,3,8,0,0,0,0,0,0,0,46,406,76,9,41,21,2
Graduation,Married,66303.0,0,1,56,1090,12,96,16,12,60,4,3,4,11,8,0,1,0,0,0,0,0,43,309,1286,22,112,24,3
Master,Married,37368.0,1,0,4,3,2,11,2,2,10,1,1,0,2,6,1,0,0,0,0,0,0,39,16,30,4,13,4,2
Graduation,Married,40800.0,1,2,77,24,0,27,8,30,10,2,3,0,3,7,0,0,0,0,0,1,0,50,365,99,8,35,30,2
Graduation,Divorced,71847.0,0,0,95,737,21,106,55,63,210,0,6,7,9,3,0,0,0,1,0,0,0,36,467,1192,22,161,84,3
Graduation,Married,46149.0,0,1,36,254,6,71,4,0,27,5,5,1,7,5,0,0,0,0,0,0,0,39,33,362,18,75,6,2
Graduation,Together,78687.0,0,0,13,817,185,687,145,55,241,1,4,6,8,2,0,0,1,0,0,0,1,31,510,2130,19,832,240,3
2n Cycle,Divorced,49118.0,0,0,90,620,54,239,99,98,119,2,9,7,10,7,0,1,0,0,1,0,1,43,501,1229,28,338,152,3
PhD,Married,37633.0,1,1,49,13,4,20,0,0,1,2,1,0,3,9,0,0,0,0,0,0,0,57,468,38,6,20,4,0
Master,Together,39767.0,0,0,18,113,61,204,34,26,47,2,7,1,7,8,0,0,0,0,0,0,0,63,164,485,17,238,87,0
Basic,Married,26997.0,0,0,89,7,23,78,133,49,144,2,4,2,5,7,0,0,0,0,0,0,0,63,422,434,13,211,72,0
Graduation,Divorced,33986.0,1,0,43,16,2,18,2,1,5,1,1,0,3,7,0,0,0,0,0,0,0,44,293,44,5,20,3,2
PhD,Married,57091.0,0,1,82,462,0,24,6,0,4,2,9,2,5,7,0,1,0,0,0,0,1,42,404,496,18,30,0,0
2n Cycle,Married,46831.0,1,1,84,22,2,10,6,4,34,2,1,2,2,4,0,0,0,0,0,0,0,45,207,78,7,16,6,0
Master,Married,83151.0,0,0,80,968,147,842,137,42,210,1,5,7,10,2,1,0,1,1,0,0,1,42,325,2346,23,979,189,3
Graduation,Married,52531.0,0,0,68,283,112,151,51,72,125,2,7,2,10,6,0,0,0,0,0,0,0,43,367,794,21,202,184,3
Graduation,Married,15759.0,0,0,12,1,2,5,6,0,3,1,1,0,2,7,0,0,0,0,0,0,0,58,118,17,4,11,2,2
Graduation,Single,22804.0,1,0,75,14,1,7,2,1,1,1,2,0,2,9,0,0,0,0,0,0,0,43,154,26,5,9,2,2
2n Cycle,Married,43050.0,1,0,10,30,5,24,6,3,8,2,2,0,4,5,0,0,0,0,0,0,0,41,-76,76,8,30,8,2
PhD,Single,42997.0,1,1,91,4,0,5,0,1,5,1,1,0,2,7,0,0,0,0,0,0,0,37,25,15,4,5,1,0
PhD,Single,48918.0,1,1,21,52,0,9,0,0,1,2,1,0,4,4,0,0,0,0,0,0,0,51,-101,62,7,9,0,0
Master,Together,60033.0,0,1,28,62,1,57,19,11,48,2,2,1,5,2,0,0,0,0,0,0,0,60,-87,198,10,76,12,0
PhD,Together,34043.0,1,0,97,20,2,14,3,0,10,1,2,0,2,9,0,0,0,0,0,0,0,36,68,49,5,17,2,0
Graduation,Together,57811.0,0,1,49,545,7,114,37,21,78,5,7,2,11,5,0,1,0,0,0,0,0,48,191,802,25,151,28,3
Graduation,Married,78569.0,0,0,14,558,79,622,207,175,95,1,4,6,4,1,0,0,1,0,0,0,1,68,-49,1736,15,829,254,3
Graduation,Single,7500.0,1,1,5,6,5,4,13,4,25,4,2,1,3,6,0,0,0,0,0,0,0,36,370,57,10,17,9,2
Master,Together,157733.0,1,0,37,39,1,9,2,0,8,0,1,0,1,1,0,0,0,0,0,0,0,43,211,59,2,11,1,1
Graduation,Together,94384.0,0,0,62,1111,24,790,160,45,172,0,5,8,5,2,0,1,1,1,0,0,1,61,303,2302,18,950,69,3
2n Cycle,Married,23148.0,0,0,83,4,6,8,6,3,10,1,2,0,3,7,0,0,0,0,0,0,0,29,-48,37,6,14,9,2
Graduation,Divorced,44267.0,1,1,48,183,5,65,3,5,49,5,5,2,4,9,0,0,0,0,0,0,0,44,310,310,16,68,10,2
Graduation,Married,71626.0,0,0,94,546,72,376,94,145,72,1,5,5,8,3,0,1,0,0,0,0,0,35,426,1305,19,470,217,3
Graduation,Together,60894.0,0,1,61,606,7,155,10,0,54,5,10,3,8,7,0,0,0,0,0,0,0,48,187,832,26,165,7,3
Graduation,Together,50200.0,1,1,70,266,6,51,8,6,64,6,7,1,5,8,0,0,0,0,0,0,0,38,273,401,19,59,12,2
PhD,Married,81051.0,0,0,43,1142,29,249,38,29,14,1,5,5,12,2,0,1,1,0,0,0,0,49,-142,1501,23,287,58,1
Graduation,Married,65169.0,0,0,23,1074,0,69,0,0,46,1,10,4,13,6,1,0,1,1,1,0,1,32,-13,1189,28,69,0,3
Graduation,Together,59868.0,0,1,37,771,51,154,54,10,154,7,11,2,12,6,0,0,0,0,0,0,0,42,163,1194,32,208,61,3
PhD,Married,65695.0,0,1,50,371,32,189,0,58,6,2,5,4,10,4,0,0,0,0,0,0,0,54,-30,656,21,189,90,1
Master,Single,64857.0,0,0,78,556,14,717,210,0,43,1,7,5,10,4,0,0,0,0,0,0,0,58,404,1540,23,927,14,3
Master,Together,45143.0,0,1,74,202,5,74,11,5,14,3,6,1,5,7,0,0,0,0,0,0,0,49,128,311,15,85,10,0
2n Cycle,Together,74805.0,0,1,14,209,162,209,41,162,37,5,4,7,10,2,0,0,0,0,0,0,0,59,56,820,26,250,324,3
2n Cycle,Married,59060.0,1,0,77,35,40,111,36,40,12,3,3,1,7,4,0,0,0,0,0,0,0,25,-10,274,14,147,80,2
PhD,Single,27238.0,1,1,39,37,0,17,0,0,3,3,3,0,3,9,0,0,0,0,0,0,0,52,256,57,9,17,0,0
Graduation,Together,47009.0,0,1,89,171,45,73,59,10,90,4,3,2,8,4,0,0,0,0,0,0,0,49,92,448,17,132,55,2
2n Cycle,Married,46094.0,1,1,62,12,2,20,3,2,5,1,1,0,3,7,0,0,0,0,0,0,0,41,-160,44,5,23,4,2
Graduation,Married,40321.0,1,1,59,44,4,21,6,0,27,2,3,0,3,7,0,0,0,0,0,0,0,42,156,102,8,27,4,2
Graduation,Together,37235.0,1,0,68,20,2,9,4,6,20,1,1,1,2,4,0,0,0,0,0,0,0,30,-31,61,5,13,8,2
Master,Married,81843.0,0,0,13,779,86,537,34,69,138,1,5,9,12,3,0,0,0,0,0,0,0,54,254,1643,27,571,155,3
Master,Together,46692.0,0,1,37,170,6,97,24,12,88,3,6,1,5,6,0,0,0,0,0,0,0,56,209,397,15,121,18,0
Graduation,Together,77382.0,0,1,36,491,48,231,112,105,134,2,5,7,12,1,0,0,1,0,0,0,0,46,-6,1121,26,343,153,3
Graduation,Single,37774.0,2,0,28,173,8,107,7,2,176,4,7,2,3,9,1,0,0,0,0,1,1,37,485,473,16,114,10,2
Basic,Married,18393.0,1,0,2,7,10,13,16,0,4,2,3,0,3,8,0,0,0,0,0,0,0,40,-87,50,8,29,10,2
Master,Married,72828.0,0,1,17,1205,0,235,19,14,205,6,6,3,13,7,0,0,0,0,0,0,0,52,321,1678,28,254,14,1
Graduation,Married,24711.0,0,0,86,10,7,25,6,3,7,1,3,0,3,7,0,0,0,0,0,0,0,32,-107,58,7,31,10,2
PhD,Married,45503.0,1,0,54,97,4,44,6,1,18,1,3,1,4,5,0,0,0,0,0,0,0,39,98,170,9,50,5,0
Master,Single,6560.0,0,0,2,67,11,26,4,3,262,0,1,0,1,17,0,0,0,0,0,0,0,32,20,373,2,30,14,2
PhD,Together,71604.0,0,0,3,345,53,528,98,75,97,1,8,3,5,4,1,0,0,0,0,0,1,69,45,1196,17,626,128,1
Graduation,Married,27244.0,1,0,84,6,5,17,3,24,46,2,2,2,2,7,0,0,0,0,0,0,0,35,-65,101,8,20,29,2
Graduation,Married,48752.0,1,1,8,73,57,100,71,15,0,5,6,1,5,9,0,0,0,0,0,0,1,45,385,316,17,171,72,2
Graduation,Married,71434.0,0,1,4,711,36,217,172,96,168,3,7,4,7,4,0,1,0,1,0,0,0,52,105,1400,21,389,132,3
Graduation,Single,90842.0,0,0,57,774,70,118,182,187,93,1,4,9,13,1,0,0,0,0,0,0,0,66,156,1424,27,300,257,3
Master,Married,88097.0,1,0,24,163,0,480,0,126,75,1,6,5,8,9,0,1,1,1,0,0,1,36,501,844,20,480,126,3
Graduation,Married,51948.0,0,1,51,82,33,54,71,30,41,2,5,2,4,5,0,0,0,0,0,0,0,39,106,311,13,125,63,2
Graduation,Together,71853.0,0,0,29,358,108,413,141,97,32,1,2,8,6,1,0,0,0,0,0,0,0,32,238,1149,17,554,205,3
Master,Married,35876.0,0,0,13,66,2,40,4,3,14,1,3,1,3,6,0,0,0,0,0,0,0,31,-109,129,8,44,5,2
Graduation,Widow,40049.0,0,1,23,13,6,7,0,3,3,1,1,0,3,6,0,0,0,0,0,0,0,62,77,32,5,7,9,2
Graduation,Single,39660.0,1,0,36,139,13,78,20,13,36,3,7,1,3,9,0,0,0,0,0,0,1,32,511,299,14,98,26,2
Graduation,Together,50127.0,0,1,88,274,0,21,4,6,15,1,5,1,6,6,0,1,0,0,0,0,0,52,-148,320,13,25,6,2
Master,Married,43263.0,0,1,2,262,6,61,0,10,102,3,5,2,6,5,0,0,0,0,0,0,0,37,406,441,16,61,16,0
Master,Married,62845.0,1,1,3,1099,0,45,0,0,34,11,3,4,10,8,0,1,0,0,0,0,1,65,457,1178,28,45,0,1
Graduation,Married,18929.0,0,0,15,32,0,8,23,4,18,1,1,0,4,6,0,0,0,0,0,0,0,24,319,85,6,31,4,2
Basic,Single,24367.0,1,0,58,2,4,2,0,11,5,1,1,0,2,9,0,0,0,0,0,0,0,32,287,24,4,2,15,2
Graduation,Single,33249.0,1,0,11,6,10,21,19,14,42,2,2,1,3,6,0,0,0,0,0,0,0,39,315,112,8,40,24,2
2n Cycle,Married,26887.0,0,1,27,6,7,4,3,4,6,1,1,0,3,6,0,0,0,0,0,0,0,55,325,30,5,7,11,0
PhD,Married,50150.0,0,0,32,135,46,92,65,61,11,2,5,2,7,5,0,0,0,0,0,0,0,31,195,410,16,157,107,0
Graduation,Together,62061.0,0,1,12,641,7,84,0,30,38,3,10,4,7,6,0,1,0,0,0,0,0,38,123,800,24,84,37,3
PhD,Divorced,85696.0,0,0,88,714,76,395,116,0,12,1,4,6,9,1,0,0,0,0,0,0,1,52,243,1313,20,511,76,1
PhD,Together,76542.0,0,0,91,794,73,573,0,29,14,1,4,8,10,2,0,0,0,0,0,0,0,58,277,1483,23,573,102,1
Graduation,Single,70515.0,0,0,12,420,0,452,182,64,140,1,6,6,4,2,0,0,0,0,0,0,1,21,72,1258,17,634,64,3
Graduation,Together,18227.0,1,0,21,1,2,7,4,3,11,1,0,1,2,8,0,0,0,0,0,0,0,27,419,28,4,11,5,2
Graduation,Married,69139.0,0,1,23,86,12,75,33,15,6,1,4,1,5,4,0,0,0,0,0,0,0,49,-26,227,11,108,27,2
Graduation,Married,69109.0,0,0,10,823,25,459,124,29,95,1,6,6,7,4,0,0,1,0,0,0,1,32,418,1555,20,583,54,3
Graduation,Single,69627.0,0,1,35,231,161,215,171,30,53,2,8,2,11,5,0,0,0,0,0,0,0,52,290,861,23,386,191,3
Graduation,Married,38136.0,1,0,69,8,15,27,0,20,33,2,3,1,2,8,1,0,0,0,0,0,0,36,254,103,8,27,35,2
PhD,Single,62159.0,0,0,68,182,17,259,77,70,29,1,6,2,10,4,0,0,0,0,0,0,0,68,-117,634,19,336,87,1
Graduation,Single,80695.0,0,0,85,557,129,984,193,37,18,1,5,8,5,2,0,0,0,0,0,0,0,51,3,1918,19,1177,166,3
Master,Single,33316.0,1,1,34,79,1,31,4,4,12,3,2,1,4,6,0,0,0,0,0,0,0,43,89,131,10,35,5,2
Graduation,Together,58554.0,1,1,55,368,24,68,38,0,88,6,8,2,6,7,0,0,0,0,0,0,0,46,462,586,22,106,24,2
Basic,Married,17256.0,1,0,10,6,4,14,8,8,22,2,2,1,2,8,1,0,0,0,0,0,0,22,39,62,7,22,12,2
Graduation,Divorced,53034.0,1,1,30,160,15,196,15,11,50,8,6,1,7,8,0,0,0,0,0,0,0,40,216,447,22,211,26,2
2n Cycle,Together,52203.0,0,0,36,488,21,238,56,108,28,1,8,7,11,6,0,0,0,0,0,0,0,64,519,939,27,294,129,1
2n Cycle,Divorced,59601.0,0,1,14,691,7,69,0,7,23,4,2,2,7,8,0,1,0,0,0,0,0,37,160,797,15,69,14,0
Master,Single,75154.0,0,1,79,543,10,205,160,143,82,1,6,3,6,3,0,0,0,0,0,0,1,56,484,1143,16,365,153,3
Graduation,Single,47025.0,0,1,52,254,7,108,20,0,26,3,6,3,5,6,0,0,0,0,0,0,0,38,55,415,17,128,7,2
Graduation,Married,37971.0,1,0,97,5,4,10,2,2,7,1,1,0,3,8,0,0,0,0,0,0,0,41,37,30,5,12,6,2
Master,Divorced,41335.0,1,0,24,112,19,21,16,14,5,3,4,1,4,7,0,0,0,0,0,0,0,46,6,187,12,37,33,0
Graduation,Married,67267.0,0,1,0,134,11,59,15,2,30,1,3,2,5,2,0,0,0,0,0,0,0,56,-132,251,11,74,13,2
Graduation,Single,57338.0,0,1,96,143,6,52,11,8,17,2,4,1,5,5,0,0,0,0,0,0,0,39,-118,237,12,63,14,2
2n Cycle,Together,50523.0,1,1,89,51,4,24,4,7,1,2,2,0,4,6,0,0,0,0,0,0,0,54,7,91,8,28,11,0
Master,Single,35791.0,2,1,94,27,0,5,0,0,3,2,1,0,3,8,0,0,0,0,0,0,0,49,240,35,6,5,0,2
PhD,Divorced,50611.0,0,1,98,459,0,24,6,0,4,6,4,5,7,6,0,1,0,0,0,0,0,54,454,493,22,30,0,0
PhD,Married,56242.0,0,1,72,689,8,167,11,8,88,5,8,4,11,6,0,0,0,0,0,0,0,45,304,971,28,178,16,1
Graduation,Single,48904.0,0,1,1,283,10,38,0,13,27,4,7,2,4,8,0,0,0,0,0,0,0,54,395,371,17,38,23,2
Graduation,Single,56243.0,1,2,26,347,0,35,4,3,7,6,4,2,8,5,0,0,0,0,0,0,0,39,2,396,20,39,3,2
Graduation,Married,21355.0,1,0,5,5,13,14,0,5,31,2,2,1,2,6,1,0,0,0,0,0,1,29,134,68,7,14,18,2
Master,Together,57420.0,0,1,22,280,0,18,0,0,24,3,5,1,6,7,0,1,0,0,0,0,0,43,190,322,15,18,0,0
Master,Together,51381.5,0,1,39,187,5,65,26,20,14,2,4,2,6,5,0,0,0,0,0,0,0,44,275,317,14,91,25,0
Master,Divorced,46390.0,0,1,56,95,14,64,2,9,38,1,4,2,3,7,0,0,0,0,0,0,0,59,-124,222,10,66,23,0
2n Cycle,Together,54342.0,1,1,74,84,10,34,11,10,28,4,3,1,4,6,0,0,0,0,0,0,0,58,182,177,12,45,20,0
Graduation,Together,51381.5,1,1,87,19,4,12,2,2,6,1,1,0,3,5,0,0,0,0,0,0,0,56,485,45,5,14,6,2
2n Cycle,Single,51381.5,1,1,49,5,1,9,2,0,4,1,1,0,2,7,0,0,0,0,0,0,0,50,-11,21,4,11,1,2
Graduation,Married,20895.0,1,0,24,18,3,17,3,0,4,1,2,0,3,9,0,0,0,0,0,0,0,41,452,45,6,20,3,2
Graduation,Married,92344.0,0,0,9,992,24,694,51,19,119,0,5,10,5,1,1,0,1,0,0,0,0,66,-14,1899,20,745,43,3
PhD,Together,51381.5,1,0,17,25,1,13,0,0,3,1,1,0,3,7,0,0,0,0,0,0,0,42,-60,42,5,13,1,0
2n Cycle,Together,26907.0,1,1,10,9,1,7,0,3,2,2,1,0,3,7,0,0,0,0,0,0,0,38,134,22,6,7,4,2
Graduation,Together,44964.0,1,1,35,19,1,17,2,0,2,1,1,0,3,8,0,0,0,0,0,0,0,34,381,41,5,19,1,2
Graduation,Together,75507.0,0,0,56,709,93,374,104,80,80,1,8,6,6,3,0,0,0,0,0,0,0,35,-121,1440,21,478,173,3
Master,Married,53761.0,1,1,7,158,0,76,13,7,71,6,4,4,3,5,0,0,0,0,0,0,0,42,82,325,17,89,7,0
Graduation,Together,22682.0,1,0,51,10,14,29,4,2,36,3,2,1,4,4,0,0,0,0,0,0,0,41,90,95,10,33,16,2
PhD,Together,38887.0,1,0,17,25,1,13,0,0,3,1,1,0,3,7,0,0,0,0,0,0,0,42,-60,42,5,13,1,0
2n Cycle,Single,41658.0,1,1,30,8,4,12,15,4,29,2,1,1,2,4,0,0,0,0,0,0,0,39,418,72,6,27,8,2
PhD,Married,29791.0,1,0,21,14,0,6,0,0,0,2,2,0,3,5,0,0,0,0,0,0,0,42,-134,20,7,6,0,0
Master,Married,63915.0,0,2,2,622,7,115,30,0,15,2,6,3,12,5,0,0,0,0,0,0,0,58,155,789,23,145,7,1
Graduation,Divorced,39996.0,1,1,85,11,0,3,0,0,1,1,1,0,2,6,0,0,0,0,0,0,0,40,-141,15,4,3,0,2
Graduation,Divorced,26759.0,1,0,65,25,3,16,8,5,2,2,2,1,3,6,0,0,0,0,0,0,0,42,-37,59,8,24,8,2
Master,Divorced,63841.0,0,1,64,635,15,100,20,7,131,1,9,3,9,6,0,0,0,0,0,0,0,46,255,908,22,120,22,1
PhD,Married,51039.0,1,1,11,100,64,79,65,0,109,2,6,2,4,7,0,0,0,0,0,0,0,45,387,417,14,144,64,0
Graduation,Married,60544.0,1,1,92,201,2,43,3,5,35,4,5,1,5,6,0,0,0,0,0,0,0,53,494,289,15,46,7,2
Graduation,Married,65685.0,0,1,54,642,14,49,0,7,57,1,9,2,9,5,0,0,0,0,0,0,0,42,-87,769,21,49,21,3
Graduation,Married,37716.0,0,1,4,97,1,41,6,2,41,2,4,1,3,7,0,0,0,0,0,0,0,61,-110,188,10,47,3,2
Graduation,Single,36864.0,0,1,53,204,5,39,17,0,89,3,5,2,4,8,0,0,0,0,0,0,1,57,506,354,14,56,5,2
Master,Married,44511.0,1,0,39,513,7,133,46,14,14,6,8,4,8,8,0,0,0,0,0,0,0,44,446,727,26,179,21,0
PhD,Married,36947.0,1,1,49,88,3,21,4,1,29,4,3,0,4,9,0,0,0,0,0,0,0,47,512,146,11,25,4,0
Master,Together,47352.0,0,1,70,172,12,112,8,0,15,4,6,1,5,7,0,0,0,0,0,0,0,63,265,319,16,120,12,0
Master,Married,67087.0,0,1,40,329,35,222,130,35,43,2,7,5,8,4,0,0,0,0,0,0,0,61,15,794,22,352,70,1
Graduation,Married,57045.0,0,1,40,296,13,104,11,13,17,3,4,2,9,3,0,0,0,0,0,0,0,64,480,454,18,115,26,2
PhD,Divorced,36957.0,1,1,43,100,2,16,2,1,31,4,3,2,2,9,0,0,0,0,0,0,1,61,482,152,11,18,3,0
PhD,Married,69389.0,0,1,17,422,7,238,69,46,15,1,7,2,12,4,0,0,0,0,0,0,0,37,460,797,22,307,53,1
Graduation,Married,80134.0,1,0,40,1218,16,272,104,0,80,2,5,3,6,6,0,1,1,1,0,0,1,42,226,1690,16,376,16,3
Master,Married,43142.0,1,1,84,5,1,7,2,1,4,1,1,0,2,7,0,0,0,0,0,0,0,45,-48,20,4,9,2,2
Graduation,Married,80589.0,0,0,25,507,93,520,242,40,26,1,5,10,5,1,0,0,0,1,0,0,1,70,-21,1428,21,762,133,3
Graduation,Single,34412.0,1,0,62,52,12,50,4,36,55,3,5,0,3,9,0,0,0,0,0,0,0,24,322,209,11,54,48,2
Graduation,Single,57537.0,1,0,83,191,56,139,51,8,100,4,4,3,8,4,0,0,0,0,0,0,0,35,205,545,19,190,64,3
Basic,Together,22634.0,0,0,47,2,23,11,8,6,46,1,2,1,2,8,0,0,0,0,0,0,0,48,350,96,6,19,29,2
Graduation,Together,51315.0,0,0,45,68,28,39,16,30,41,1,2,2,5,2,0,0,0,0,0,0,0,66,-53,222,10,55,58,2
Graduation,Married,36026.0,2,1,34,20,4,10,6,4,17,2,2,0,3,6,0,0,0,0,0,0,0,42,-74,61,7,16,8,2
Graduation,Married,24639.0,1,1,3,20,3,16,0,4,1,3,2,0,4,6,0,0,0,0,0,0,0,41,-27,44,9,16,7,2
PhD,Together,34578.0,2,1,1,7,0,1,0,0,0,1,1,0,2,6,0,0,0,0,0,0,0,42,-100,8,4,1,0,0
2n Cycle,Single,65704.0,0,0,18,279,172,74,38,8,246,1,2,10,10,1,0,0,0,0,0,0,0,42,80,817,23,112,180,3
Graduation,Single,63810.0,0,1,45,977,12,253,16,12,101,4,4,3,12,8,0,1,0,0,0,0,0,48,416,1371,23,269,24,3
PhD,Together,54132.0,0,1,81,30,1,8,0,0,3,1,1,0,3,7,0,0,0,0,0,0,0,45,-46,42,5,8,1,0
Graduation,Married,18690.0,0,0,77,6,1,7,23,4,19,1,1,1,2,8,0,0,0,0,0,0,0,55,369,60,5,30,5,2
Graduation,Married,28164.0,1,0,23,3,18,26,11,8,12,3,2,0,4,7,0,0,0,0,0,0,0,44,242,78,9,37,26,2
PhD,Married,34596.0,1,0,48,14,0,2,0,0,7,1,1,0,2,8,0,0,0,0,0,0,0,40,263,23,4,2,0,0
PhD,Married,43269.0,1,0,61,10,1,7,0,0,1,1,1,0,2,8,0,0,0,0,0,0,0,42,107,19,4,7,1,0
2n Cycle,Single,38741.0,1,1,60,7,10,17,8,6,13,2,2,0,3,7,0,0,0,0,0,0,0,56,-88,61,7,25,16,2
Graduation,Single,31907.0,0,0,75,33,87,64,175,16,74,1,6,1,6,7,0,0,0,0,0,0,0,42,303,449,14,239,103,2
Master,Married,27100.0,1,0,64,12,0,13,2,0,10,1,1,0,3,7,0,0,0,0,0,0,0,31,271,37,5,15,0,2
2n Cycle,Divorced,31163.0,1,0,54,2,3,10,11,2,10,1,1,0,3,6,0,0,0,0,0,0,0,41,-43,38,5,21,5,2
Graduation,Married,92533.0,0,0,84,693,21,118,110,147,42,1,6,5,11,2,0,0,1,1,0,0,0,29,13,1131,23,228,168,3
Graduation,Single,34853.0,1,1,75,9,3,15,2,3,2,2,2,0,3,6,0,0,0,0,0,0,0,41,9,34,7,17,6,2
Graduation,Divorced,70844.0,1,1,16,129,26,67,3,67,2,5,6,1,5,7,0,0,0,0,0,0,0,47,63,294,17,70,93,2
2n Cycle,Married,31086.0,1,1,79,16,2,11,3,0,16,2,1,1,2,8,1,0,0,0,0,0,0,35,242,48,6,14,2,2
Graduation,Married,60544.0,1,1,92,201,2,43,3,5,35,4,5,1,5,6,0,0,0,0,0,0,0,53,494,289,15,46,7,2
2n Cycle,Together,20491.0,0,0,16,5,4,5,4,2,10,1,0,1,2,7,0,0,0,0,0,0,0,28,341,30,4,9,6,2
Graduation,Married,42523.0,0,0,96,14,36,11,3,26,35,1,1,1,4,2,0,0,0,0,0,0,0,50,-112,125,7,14,62,2
Graduation,Married,39922.0,1,0,30,29,12,59,19,1,36,2,3,0,4,8,0,0,0,0,0,0,0,31,321,156,9,78,13,2
Graduation,Together,33402.0,1,1,60,26,2,19,10,5,8,3,2,1,3,8,0,0,0,0,0,0,0,62,167,70,9,29,7,2
Master,Married,36408.0,1,1,11,9,1,4,3,2,3,1,1,0,2,6,0,0,0,0,0,0,0,65,102,22,4,7,3,0
Graduation,Together,21645.0,1,0,75,14,0,23,4,5,19,3,3,0,3,9,0,0,0,0,0,0,1,35,485,65,9,27,5,2
Master,Widow,78427.0,0,0,36,972,19,595,180,26,138,3,3,7,10,3,0,0,0,1,0,0,1,66,434,1930,23,775,45,3
Graduation,Together,82657.0,0,0,71,966,168,672,246,105,126,1,7,5,10,4,0,1,0,1,0,0,0,68,96,2283,23,918,273,3
Graduation,Married,51876.0,0,0,88,99,27,102,28,48,6,1,2,2,8,1,0,0,0,0,0,0,0,56,78,310,13,130,75,2
2n Cycle,Married,78041.0,0,0,93,482,35,553,72,160,17,1,4,4,9,2,0,0,0,0,0,0,0,43,381,1319,18,625,195,3
Graduation,Married,52852.0,0,1,93,714,8,99,11,0,47,4,10,7,5,8,1,0,0,0,0,0,0,57,396,879,26,110,8,3
PhD,Together,70038.0,0,0,54,587,54,348,71,54,130,1,4,4,8,2,0,0,0,0,0,0,0,32,68,1244,17,419,108,1
2n Cycle,Together,69401.0,0,1,41,399,27,159,58,8,39,4,4,4,5,2,0,0,0,0,0,0,0,41,-81,690,17,217,35,1
Graduation,Together,46053.0,1,0,46,56,10,92,19,7,25,3,3,2,4,5,0,0,0,0,0,0,0,42,318,209,12,111,17,2
Graduation,Married,77343.0,0,0,28,227,151,573,98,54,31,1,3,4,9,1,0,0,0,0,0,0,0,49,-159,1134,17,671,205,3
Graduation,Single,73892.0,0,0,40,703,102,601,0,58,43,1,3,11,8,1,0,0,0,0,0,0,1,61,49,1507,23,601,160,3
PhD,Single,40304.0,1,0,82,37,0,17,0,0,3,1,2,0,3,7,0,0,0,0,0,0,0,47,93,57,6,17,0,0
PhD,Together,32727.0,0,0,38,167,13,180,86,13,70,2,7,3,5,8,0,0,0,0,0,0,0,49,491,529,17,266,26,0
Graduation,Together,68695.0,0,0,3,458,81,356,106,50,40,1,4,4,7,2,0,0,0,0,0,0,0,45,-175,1091,16,462,131,3
Graduation,Divorced,43300.0,0,1,87,91,3,52,2,1,31,3,4,0,4,8,0,0,0,0,0,0,1,43,445,180,11,54,4,2
Graduation,Together,26290.0,1,1,49,15,8,16,11,5,22,4,2,0,4,6,0,0,0,0,0,0,0,42,354,77,10,27,13,2
Graduation,Single,93790.0,0,0,16,1302,68,731,89,114,45,0,6,7,12,2,0,1,1,1,0,0,1,44,-42,2349,25,820,182,3
PhD,Married,38410.0,0,0,65,153,64,123,116,64,14,2,5,2,9,6,0,0,0,0,0,0,1,40,474,534,18,239,128,1
Master,Widow,64866.0,0,1,9,508,5,21,7,5,10,4,7,3,7,5,0,1,0,0,0,0,0,64,-25,556,21,28,10,1
Graduation,Together,57957.0,0,1,24,290,59,177,77,5,29,7,4,6,8,3,0,0,0,0,0,1,0,55,135,637,25,254,64,3
PhD,Together,46015.0,1,1,25,38,0,2,0,0,6,1,1,0,3,7,1,0,0,0,1,0,0,59,-102,46,5,2,0,0
Graduation,Together,16531.0,1,0,43,2,13,6,7,5,11,3,3,0,3,7,0,0,0,0,0,0,0,36,-168,44,9,13,18,2
Master,Married,28072.0,1,0,10,30,0,10,2,0,5,1,1,0,3,7,0,0,0,0,0,0,0,28,177,47,5,12,0,2
Master,Divorced,49476.0,0,1,29,386,23,95,54,41,196,4,2,11,5,2,0,0,0,0,0,0,0,51,195,795,22,149,64,3
Graduation,Married,50725.0,0,1,45,443,10,75,0,10,48,4,8,1,8,8,0,0,0,0,0,0,0,61,322,586,21,75,20,2
Graduation,Together,83844.0,0,0,57,901,31,345,75,31,191,1,4,4,11,1,0,0,1,0,0,0,0,62,234,1574,20,420,62,3
PhD,Married,41145.0,1,1,20,9,0,3,0,0,1,1,0,0,3,3,0,0,0,0,0,0,0,64,-38,13,4,3,0,0
Graduation,Together,67419.0,0,1,29,846,84,352,91,56,42,4,9,4,8,5,0,0,0,0,0,0,0,44,350,1471,25,443,140,3
2n Cycle,Married,23162.0,1,1,82,8,3,9,19,4,22,3,1,1,3,6,0,0,0,0,0,0,0,44,11,65,8,28,7,2
Graduation,Married,34380.0,1,0,68,72,7,58,13,1,24,4,4,1,3,8,0,0,0,0,0,0,0,37,244,175,12,71,8,2
Graduation,Single,34704.0,0,1,65,29,0,5,0,1,5,1,1,0,3,5,0,0,0,0,0,0,0,48,249,40,5,5,1,2
PhD,Married,94871.0,0,2,99,169,24,553,188,0,144,1,8,5,4,7,0,1,1,0,0,0,1,45,487,1078,18,741,24,1
Graduation,Married,65148.0,0,1,9,460,35,422,33,12,153,2,6,6,7,4,0,0,0,0,0,0,0,56,411,1115,21,455,47,3
Graduation,Together,39898.0,0,1,20,69,8,26,12,7,12,2,3,0,4,7,0,0,0,0,0,0,0,60,323,134,9,38,15,2
Master,Single,64857.0,0,0,78,556,14,717,210,0,43,1,7,5,10,4,0,0,0,0,0,0,0,58,404,1540,23,927,14,3
PhD,Married,59892.0,0,1,26,73,0,13,0,1,0,1,2,1,3,3,0,0,0,0,0,0,0,44,60,87,7,13,1,0
Master,Single,41020.0,0,0,68,112,1,54,7,7,36,1,3,2,4,3,0,0,0,0,0,0,0,27,65,217,10,61,8,2
PhD,Married,57072.0,0,1,79,944,0,60,0,0,30,2,7,5,13,5,1,0,0,0,0,0,0,53,-23,1034,27,60,0,1
Graduation,Single,60474.0,0,1,25,265,199,303,234,9,170,7,10,2,12,7,0,0,0,0,0,0,0,35,275,1180,31,537,208,3
Graduation,Together,62807.0,0,1,83,526,28,135,10,21,99,3,5,3,12,5,0,0,0,0,0,0,0,54,488,819,23,145,49,3
2n Cycle,Together,19414.0,1,0,32,2,3,12,3,5,7,1,1,0,3,8,0,0,0,0,0,0,0,33,77,32,5,15,8,2
Graduation,Married,19107.0,1,0,49,2,4,9,10,5,16,2,1,0,3,7,0,0,0,0,0,0,0,34,132,46,6,19,9,2
2n Cycle,Together,75484.0,0,1,50,378,97,259,197,194,34,2,7,3,6,4,0,0,0,0,0,0,0,38,517,1159,18,456,291,3
Master,Single,70379.0,0,1,84,553,25,142,65,67,8,3,6,3,13,4,0,0,0,0,0,0,0,38,304,860,25,207,92,3
Master,Together,79419.0,0,0,96,751,127,687,20,15,31,1,4,6,4,2,0,0,0,0,0,0,0,44,-172,1631,15,707,142,3
PhD,Together,64014.0,2,1,56,406,0,30,0,0,8,7,8,2,5,7,0,0,0,1,0,0,0,68,-160,444,22,30,0,0
Graduation,Married,76998.0,0,1,85,1449,89,161,69,35,107,2,11,8,8,6,0,0,1,0,0,0,0,59,355,1910,29,230,124,3
Master,Together,49854.0,1,0,63,123,17,171,39,0,30,5,6,2,5,6,0,0,0,0,0,0,0,42,52,380,18,210,17,0
PhD,Married,60585.0,1,1,17,267,42,309,55,42,21,10,7,4,9,5,0,0,0,0,0,0,1,43,191,736,30,364,84,1
PhD,Divorced,42873.0,1,1,11,209,0,40,3,2,15,4,6,1,4,8,0,0,0,0,0,0,0,64,345,269,15,43,2,0
Graduation,Together,87679.0,0,0,62,1259,172,815,97,148,33,1,7,11,10,4,1,0,1,1,0,0,1,26,158,2524,29,912,320,3
Graduation,Together,57867.0,1,0,48,344,35,178,15,23,17,7,7,2,9,6,0,0,0,0,0,0,0,36,92,612,25,193,58,3
Graduation,Married,35765.0,1,0,86,22,3,30,0,5,15,2,2,0,4,6,0,0,0,0,0,0,0,24,21,75,8,30,8,2
Graduation,Married,65492.0,0,0,73,247,161,295,210,85,47,2,4,7,13,2,0,0,0,0,0,0,0,55,-25,1045,26,505,246,3
Graduation,Divorced,32952.0,1,0,36,38,0,12,3,1,1,1,2,0,3,7,0,0,0,0,0,0,0,37,31,55,6,15,1,2
PhD,Together,53374.0,0,1,34,896,10,101,13,10,34,6,4,2,9,9,1,0,0,0,0,0,1,45,503,1064,21,114,20,1
Graduation,Together,71706.0,0,1,16,931,56,253,91,98,14,4,9,5,7,5,0,0,0,0,0,0,0,55,414,1443,25,344,154,3
Graduation,Married,68487.0,0,0,48,758,12,385,33,89,89,1,9,7,13,4,0,0,0,0,0,0,0,26,353,1366,30,418,101,3
Master,Together,53253.0,1,1,61,216,9,57,20,9,125,7,4,3,5,5,0,0,0,0,0,0,0,39,324,436,19,77,18,0
2n Cycle,Divorced,31163.0,1,0,54,2,3,10,11,2,10,1,1,0,3,6,0,0,0,0,0,0,0,41,-43,38,5,21,5,2
Graduation,Married,42014.0,1,0,56,244,15,108,4,15,50,6,7,1,6,8,0,0,0,0,0,0,1,37,502,436,20,112,30,2
Master,Married,54108.0,1,1,74,539,6,91,8,6,97,13,8,2,9,8,0,0,0,0,0,0,0,41,422,747,32,99,12,1
PhD,Single,49667.0,0,0,35,1181,26,120,17,13,39,2,5,10,5,8,1,0,0,0,0,0,1,59,499,1396,22,137,39,1
Master,Married,63206.0,0,0,65,750,8,125,11,8,26,1,4,3,6,2,0,0,1,0,0,0,0,40,-78,928,14,136,16,1
Master,Married,57136.0,1,1,48,306,5,109,21,109,92,9,5,2,10,6,0,0,0,0,0,0,0,42,176,642,26,130,114,1
2n Cycle,Together,46772.0,0,1,88,350,104,189,197,151,57,6,11,8,5,8,1,0,0,0,0,0,0,39,420,1048,30,386,255,3
PhD,Married,78931.0,0,0,19,331,197,170,58,152,35,1,2,8,13,1,0,0,0,0,0,0,0,43,68,943,24,228,349,1
Graduation,Together,53977.0,0,1,21,620,16,165,0,24,82,5,5,5,12,5,0,0,0,0,0,0,0,56,207,907,27,165,40,3
Graduation,Married,84219.0,0,0,27,434,137,400,45,137,45,1,3,4,10,1,0,0,0,0,0,0,0,26,-32,1198,18,445,274,3
Master,Single,46098.0,1,1,86,57,0,27,0,0,36,4,3,2,2,8,0,0,0,0,0,0,0,39,501,120,11,27,0,2
Graduation,Married,73538.0,0,1,92,811,76,428,99,137,107,3,10,4,9,7,0,0,0,0,0,0,0,49,402,1658,26,527,213,3
Graduation,Married,79529.0,0,0,1,423,42,706,73,197,197,1,4,8,9,2,0,0,0,0,0,0,0,28,-116,1638,22,779,239,3
2n Cycle,Together,20981.0,0,0,14,2,12,10,6,13,30,1,3,1,2,8,0,0,0,0,0,0,1,37,246,73,7,16,25,2
Graduation,Single,51766.0,1,0,74,60,51,87,6,20,51,2,4,2,4,5,0,0,0,0,0,0,0,34,-69,275,12,93,71,2
Graduation,Married,55759.0,0,1,84,675,0,85,10,7,77,5,10,3,8,8,0,0,0,0,0,0,0,52,399,854,26,95,7,3
Graduation,Married,33039.0,1,0,4,30,8,12,8,8,12,1,2,0,4,5,0,0,0,0,0,0,0,36,114,78,7,20,16,2
Master,Married,37787.0,1,0,50,40,1,40,4,3,18,1,3,0,3,8,0,0,0,0,0,0,0,42,103,106,7,44,4,2
Graduation,Single,27242.0,1,0,2,3,17,26,20,1,39,2,2,0,3,9,0,0,0,0,0,0,1,44,416,106,7,46,18,2
PhD,Single,87188.0,0,0,73,910,111,724,49,74,55,1,10,2,6,3,0,0,0,0,0,0,1,31,212,1923,19,773,185,3
Graduation,Together,69930.0,0,0,21,252,98,827,219,70,196,1,4,5,12,3,0,0,0,0,0,0,0,43,220,1662,22,1046,168,3
Graduation,Single,37697.0,1,0,82,34,6,21,11,4,8,1,2,1,3,6,0,0,0,0,0,0,0,38,-37,84,7,32,10,2
PhD,Married,37401.0,1,0,14,19,3,19,3,1,3,2,2,0,3,7,0,0,0,0,0,0,0,41,-125,48,7,22,4,0
Graduation,Single,3502.0,1,0,56,2,1,1,0,0,1,0,0,0,0,14,0,0,0,0,0,0,0,41,263,5,0,1,1,2
Graduation,Married,58597.0,1,1,20,490,0,184,10,28,21,12,7,4,9,7,0,0,0,0,0,0,0,38,407,733,32,194,28,3
PhD,Widow,82032.0,0,0,54,332,194,377,149,125,57,0,4,6,7,1,0,0,0,0,0,0,0,66,-94,1234,17,526,319,1
Graduation,Together,28087.0,1,1,77,53,8,17,13,0,21,3,2,2,2,7,0,0,0,0,0,0,0,56,386,112,9,30,8,2
PhD,Single,74004.0,0,0,5,784,48,560,42,176,48,1,4,6,4,3,0,0,1,1,0,0,1,27,-54,1658,15,602,224,3
Graduation,Together,19740.0,0,1,65,7,11,3,10,4,20,2,1,1,3,5,0,0,0,0,0,0,0,54,283,55,7,13,15,2
2n Cycle,Married,57036.0,0,1,33,1171,43,219,19,14,47,4,6,3,13,9,1,0,0,0,0,0,0,39,386,1513,26,238,57,1
2n Cycle,Together,53083.0,1,1,65,215,7,33,3,0,13,6,5,1,5,7,0,1,0,0,0,0,0,56,231,271,17,36,7,0
PhD,Married,69283.0,0,1,41,674,62,134,0,26,8,4,7,3,13,5,0,0,0,0,0,0,0,39,-164,904,27,134,88,1
Master,Single,46098.0,1,1,86,57,0,27,0,0,36,4,3,2,2,8,0,0,0,0,0,0,1,39,501,120,11,27,0,2
2n Cycle,Married,23331.0,1,0,92,5,36,7,0,10,45,2,3,0,3,8,0,0,0,0,0,0,0,26,484,103,8,7,46,2
2n Cycle,Single,23331.0,1,0,97,104,20,101,24,15,5,6,5,1,5,9,0,0,0,0,0,0,0,26,453,269,17,125,35,2
Graduation,Single,9255.0,1,0,91,9,0,7,2,0,4,1,1,1,2,8,0,0,0,0,0,0,0,25,12,22,5,9,0,2
PhD,Widow,67786.0,0,0,0,431,82,441,80,20,102,1,3,6,6,1,0,0,0,0,0,0,1,55,25,1156,16,521,102,1
PhD,Married,71969.0,0,1,59,1000,0,76,0,0,10,3,3,4,9,8,0,1,0,0,0,0,0,43,442,1086,19,76,0,1
Master,Single,59235.0,1,0,4,448,40,469,80,0,91,3,11,2,12,7,0,0,0,0,0,0,0,47,354,1128,28,549,40,3
Graduation,Together,31928.0,1,0,5,33,4,24,4,2,5,2,3,0,4,7,0,0,0,0,0,0,0,25,-86,72,9,28,6,2
Master,Together,74881.0,1,1,48,505,72,270,36,27,54,4,9,2,12,5,0,0,0,0,0,0,0,53,299,964,27,306,99,1
Graduation,Married,65819.0,0,0,99,267,38,701,149,165,63,1,5,4,10,3,0,0,0,0,0,0,0,36,398,1383,20,850,203,3
PhD,Single,51411.0,1,2,81,14,0,3,0,0,1,1,0,0,3,5,0,0,0,0,0,0,0,61,220,18,4,3,0,0
Graduation,Divorced,51983.0,0,1,95,631,0,115,10,7,30,3,9,2,10,7,0,0,0,0,0,0,0,50,488,793,24,125,7,3
Master,Together,42386.0,1,0,43,65,4,16,0,4,11,1,3,0,3,8,0,0,0,0,0,0,0,28,353,100,7,16,8,2
2n Cycle,Married,30390.0,0,0,5,10,12,12,25,1,20,1,2,0,3,6,0,0,0,0,0,0,0,27,121,80,6,37,13,2
Graduation,Single,30983.0,0,0,50,51,4,50,12,1,49,1,4,0,3,8,0,0,0,0,0,0,1,51,418,167,8,62,5,2
Graduation,Widow,66033.0,0,1,76,293,35,179,46,59,65,2,8,3,7,7,0,0,0,0,0,0,0,57,346,677,20,225,94,3
2n Cycle,Married,37284.0,1,1,46,11,1,2,2,1,6,1,0,0,3,6,0,0,0,0,0,0,0,39,278,23,4,4,2,2
Master,Divorced,57530.0,0,1,68,50,1,27,6,7,1,1,1,1,4,1,0,0,0,0,0,0,0,63,81,92,7,33,8,0
2n Cycle,Married,76800.0,0,0,33,173,26,255,35,71,81,1,4,4,7,1,0,0,0,0,0,0,0,49,-66,641,16,290,97,3
Graduation,Married,63943.0,0,1,50,423,184,368,13,97,21,1,6,4,6,5,0,0,0,0,0,0,0,58,486,1106,17,381,281,3
Graduation,Together,76081.0,0,0,85,292,30,415,63,33,200,1,4,5,4,2,0,0,0,1,0,0,0,52,-142,1033,14,478,63,3
Graduation,Married,67445.0,0,1,63,757,80,217,29,80,11,5,9,6,12,6,0,0,0,0,0,0,0,40,507,1174,32,246,160,3
Master,Married,37054.0,1,1,89,12,1,6,0,1,5,2,1,0,3,7,0,0,0,0,0,0,0,47,108,25,6,6,2,2
Master,Together,47175.0,1,1,81,167,2,44,6,2,19,7,4,2,4,8,1,0,0,0,0,0,1,52,430,240,17,50,4,0
Graduation,Divorced,31859.0,1,0,77,3,1,3,8,0,5,1,1,0,2,7,0,0,0,0,0,0,0,38,201,20,4,11,1,2
Graduation,Divorced,27215.0,2,1,50,30,5,22,8,9,28,4,2,1,4,6,0,0,0,0,0,0,0,53,343,102,11,30,14,2
PhD,Divorced,70179.0,0,1,10,532,88,168,69,44,133,3,7,3,13,5,0,0,0,0,0,0,0,38,164,1034,26,237,132,1
Graduation,Married,39922.0,1,0,30,29,12,59,19,1,36,2,3,0,4,8,0,0,0,0,0,0,0,31,321,156,9,78,13,2
Master,Married,49681.0,0,2,66,411,0,26,0,0,21,6,7,1,7,7,0,0,0,0,0,0,0,38,58,458,21,26,0,0
Graduation,Married,24645.0,1,0,16,5,3,4,4,1,0,1,1,0,2,8,0,0,0,0,0,0,0,26,426,17,4,8,4,2
Graduation,Divorced,79865.0,0,1,12,71,99,278,185,121,38,1,5,10,5,1,0,0,0,0,0,0,0,60,-168,792,21,463,220,3
Graduation,Married,44322.0,1,0,30,46,0,40,3,0,3,2,3,0,3,8,0,0,0,0,0,0,0,29,-166,92,8,43,0,2
Graduation,Single,47958.0,0,1,8,268,11,88,15,3,22,2,6,3,5,5,0,0,0,0,0,0,0,62,347,407,16,103,14,2
Master,Single,63972.0,0,1,93,928,63,254,0,12,12,4,5,4,10,4,0,1,0,0,0,0,0,50,395,1269,23,254,75,1
Graduation,Together,75315.0,0,1,14,459,15,171,142,23,31,2,5,4,12,2,0,0,0,0,0,0,0,60,-104,841,23,313,38,3
PhD,Married,55517.0,1,1,53,483,0,108,0,6,36,5,11,1,6,9,0,0,0,0,0,0,1,64,461,633,23,108,6,0
PhD,Married,75283.0,1,2,26,733,9,180,12,19,66,11,6,3,5,4,0,0,0,0,0,0,0,57,280,1019,25,192,28,1
PhD,Single,82800.0,0,0,23,1006,22,115,59,68,45,1,7,6,12,3,0,0,1,1,0,0,1,68,403,1315,26,174,90,1
Graduation,Married,38998.0,1,1,92,34,1,14,0,0,5,3,2,0,3,8,0,0,0,0,0,1,0,60,424,54,8,14,1,2
Master,Single,90638.0,0,0,29,1156,120,915,94,144,96,1,3,4,10,1,0,0,1,0,0,0,1,23,-43,2525,18,1009,264,3
Master,Married,27161.0,1,0,41,7,4,23,7,0,11,1,1,0,3,7,0,0,0,0,0,0,0,28,65,52,5,30,4,2
Graduation,Married,42014.0,1,0,56,244,15,108,4,15,50,6,7,1,6,8,0,0,0,0,0,0,1,37,502,436,20,112,30,2
PhD,Together,38201.0,0,1,19,233,0,23,0,0,12,4,5,1,5,8,0,0,0,0,0,0,0,54,278,268,15,23,0,0
Graduation,Together,45203.0,2,0,4,35,3,67,10,8,24,1,3,1,3,6,0,0,0,0,0,0,1,32,-81,147,8,77,11,2
PhD,Together,81574.0,0,0,89,1252,0,465,46,35,0,1,4,5,8,1,0,1,1,0,0,0,0,67,-117,1798,18,511,35,1
Graduation,Married,34935.0,0,0,71,34,4,66,3,10,20,1,2,1,4,7,0,0,0,0,0,0,0,22,194,137,8,69,14,2
Master,Single,60482.0,0,1,81,255,43,134,37,14,24,1,7,2,7,7,0,0,0,0,0,0,0,38,343,507,17,171,57,2
Graduation,Together,34633.0,2,1,31,8,1,5,0,0,1,1,1,0,2,6,0,0,0,0,0,0,0,58,-22,15,4,5,1,2
Master,Together,78093.0,0,0,53,368,32,639,13,43,10,1,4,7,5,1,0,0,0,0,0,0,0,67,21,1105,17,652,75,1
Graduation,Divorced,82460.0,0,0,78,255,47,573,52,32,15,1,5,3,6,1,0,0,0,0,0,0,0,64,30,974,15,625,79,3
Master,Together,45903.0,0,1,80,33,8,10,2,10,3,2,2,1,3,4,0,0,0,0,0,0,0,48,-112,66,8,12,18,0
Graduation,Divorced,81361.0,0,0,18,163,23,424,27,65,76,1,3,10,13,1,0,0,0,0,0,0,1,27,-55,778,27,451,88,3
PhD,Divorced,35860.0,1,1,37,15,0,8,4,2,20,2,1,1,2,5,1,0,0,0,0,0,1,41,-138,49,6,12,2,0
Master,Together,40442.0,1,1,52,45,12,52,25,22,13,4,3,1,4,7,0,0,0,0,0,0,1,62,500,169,12,77,34,0
Graduation,Married,61482.0,0,0,39,48,58,68,16,66,43,1,3,2,6,2,0,0,0,0,0,0,0,49,-177,299,12,84,124,3
Graduation,Married,34968.0,1,0,11,158,6,45,8,2,2,7,3,2,5,7,0,0,0,0,0,0,0,34,266,221,17,53,8,2
Graduation,Married,75794.0,0,0,33,754,160,625,63,32,48,1,7,5,12,3,0,0,0,1,0,0,0,27,8,1682,25,688,192,3
PhD,Together,31497.0,0,1,22,108,1,28,13,1,4,2,3,1,4,8,0,0,0,0,0,0,0,52,391,155,10,41,2,0
Graduation,Married,74268.0,0,0,83,199,66,315,97,174,41,1,4,3,5,2,0,0,0,0,0,0,0,59,321,892,13,412,240,3
Basic,Together,13724.0,1,0,43,2,7,5,2,15,27,1,2,0,2,9,1,0,0,0,0,0,0,26,488,58,5,7,22,2
Master,Together,45143.0,0,1,74,202,5,74,11,5,14,3,6,1,5,7,0,0,0,0,0,0,0,49,128,311,15,85,10,0
PhD,Single,52569.0,0,1,54,85,0,3,0,0,7,1,2,0,4,3,0,0,0,0,0,0,0,47,-94,95,7,3,0,0
PhD,Single,48432.0,0,1,3,322,3,50,4,3,42,5,7,1,6,8,0,0,0,0,0,0,1,41,440,424,19,54,6,0
Master,Together,17144.0,1,1,96,18,2,19,0,2,6,5,3,0,4,7,0,0,0,0,0,0,0,54,-45,47,12,19,4,0
Graduation,Single,36108.0,1,0,68,141,8,129,3,11,47,3,7,1,4,9,1,0,0,0,0,0,0,30,78,339,15,132,19,2
Graduation,Married,76445.0,1,0,2,739,107,309,140,80,35,1,2,5,13,6,0,0,0,0,0,0,0,43,460,1410,21,449,187,3
PhD,Married,36663.0,1,0,40,18,0,6,3,3,5,1,1,1,3,2,0,0,0,0,0,0,0,39,-114,35,6,9,3,0
Master,Married,53843.0,0,1,64,378,0,88,19,4,73,4,8,5,3,7,0,0,0,0,0,0,0,49,188,562,20,107,4,0
Master,Married,90226.0,0,0,26,1083,108,649,253,151,108,1,4,7,12,2,0,0,0,1,0,0,0,58,462,2352,24,902,259,3
Master,Divorced,70638.0,0,0,69,1016,12,215,16,12,63,1,4,5,10,3,0,1,0,0,0,0,0,59,214,1334,20,231,24,1
Graduation,Together,44512.0,1,1,57,23,1,6,0,0,2,2,1,0,3,4,0,0,0,0,0,0,0,54,124,32,6,6,1,2
Graduation,Married,27116.0,1,1,78,12,1,21,2,2,3,2,2,0,3,7,0,0,0,0,0,0,0,53,-60,41,7,23,3,2
PhD,Married,54072.0,1,1,71,35,0,4,0,0,0,1,2,0,2,8,0,0,0,0,0,0,0,51,158,39,5,4,0,0
Graduation,Married,71855.0,0,1,59,548,31,422,0,112,28,4,5,5,11,3,0,0,0,0,0,0,0,37,350,1141,25,422,143,3
2n Cycle,Single,51250.0,1,0,28,342,32,230,34,32,40,5,10,5,4,9,1,0,0,0,0,0,0,24,277,710,24,264,64,2
Master,Married,60432.0,0,1,61,365,3,15,4,3,11,5,7,2,5,6,0,0,0,0,0,0,0,41,-67,401,19,19,6,0
PhD,Married,65526.0,0,1,22,397,19,69,12,0,9,1,4,4,8,2,0,0,0,0,0,0,0,50,-100,506,17,81,19,1
Graduation,Single,68655.0,0,0,95,456,19,832,75,118,38,1,4,5,11,3,0,0,0,0,0,0,0,26,509,1538,21,907,137,3
2n Cycle,Married,12393.0,0,0,38,5,6,15,11,7,13,1,2,0,3,9,0,0,0,0,0,0,0,36,393,57,6,26,13,2
Graduation,Single,64509.0,0,0,19,836,185,575,24,25,77,1,6,3,9,4,1,0,0,0,0,0,1,24,137,1722,19,599,210,3
Graduation,Single,33955.0,1,0,92,100,2,128,23,7,10,4,5,1,5,8,0,0,0,0,0,0,0,39,145,270,15,151,9,2
Graduation,Married,31353.0,1,1,24,10,0,10,3,1,7,2,1,1,2,8,0,0,0,0,0,0,1,37,3,31,6,13,1,2
Graduation,Married,55434.0,1,0,21,238,115,215,169,69,76,3,5,3,13,4,0,0,0,0,0,0,0,30,88,882,24,384,184,3
Graduation,Together,28359.0,1,0,35,6,0,5,2,1,2,1,1,0,2,7,0,0,0,0,0,0,0,31,66,16,4,7,1,2
Graduation,Single,57100.0,1,0,9,158,11,99,15,11,17,2,3,2,7,3,0,0,0,0,0,0,0,27,-137,311,14,114,22,2
Graduation,Married,69139.0,0,1,23,86,12,75,33,15,6,1,4,1,5,4,0,0,0,0,0,0,0,49,-26,227,11,108,27,2
Master,Married,52973.0,0,1,92,856,0,76,12,9,199,7,9,6,9,8,0,0,0,0,0,0,0,58,419,1152,31,88,9,1
PhD,Together,51717.0,0,1,55,98,1,17,0,1,5,1,3,0,4,7,0,1,0,0,0,0,0,49,134,122,8,17,2,0
Graduation,Married,18793.0,1,0,14,4,16,20,0,17,20,3,2,0,4,8,0,0,0,0,0,0,0,43,354,77,9,20,33,2
2n Cycle,Together,66664.0,0,0,78,398,96,447,220,96,32,1,5,7,6,3,0,0,0,0,0,0,0,32,463,1289,19,667,192,3
Graduation,Single,50664.0,1,1,64,313,8,104,6,4,126,9,8,1,6,9,0,0,0,0,0,0,0,55,350,561,24,110,12,2
Graduation,Together,54414.0,1,1,49,109,18,16,24,26,18,4,3,1,5,4,0,0,0,0,0,0,0,51,343,211,13,40,44,2
PhD,Married,54549.0,0,1,8,216,2,6,0,0,9,2,5,1,4,7,0,0,0,0,0,0,0,62,-61,233,12,6,2,0
PhD,Widow,47111.0,0,1,35,595,71,153,120,112,41,6,3,2,10,9,0,0,0,0,0,0,0,43,480,1092,21,273,183,1
PhD,Divorced,41003.0,0,0,11,123,133,142,71,44,88,1,6,2,8,6,0,0,0,0,0,0,0,51,290,601,17,213,177,1
Graduation,Together,19444.0,1,0,8,16,0,23,3,2,10,3,4,1,2,7,0,0,0,0,0,0,1,32,-52,54,10,26,2,2
2n Cycle,Together,36301.0,1,0,53,11,12,35,3,5,12,1,3,0,3,7,0,0,0,0,0,0,0,38,68,78,7,38,17,2
PhD,Together,73059.0,0,1,36,410,112,420,0,82,71,1,9,3,13,4,0,0,0,0,0,0,0,67,123,1095,26,420,194,1
PhD,Together,42731.0,1,0,64,159,2,51,6,2,24,3,4,1,5,5,0,0,0,0,0,0,0,45,72,244,13,57,4,0
PhD,Married,52854.0,1,1,43,105,0,10,0,1,0,2,2,1,4,5,0,0,0,0,0,0,0,55,-82,116,9,10,1,0
Graduation,Together,22775.0,1,0,40,5,1,8,0,0,1,1,1,0,2,8,0,0,0,0,0,0,0,36,196,15,4,8,1,2
PhD,Together,46681.0,0,2,52,269,15,69,15,19,38,2,4,6,4,5,0,0,0,0,0,0,0,66,85,425,16,84,34,0
PhD,Married,59821.0,0,1,11,629,0,70,0,0,35,6,11,2,7,8,0,0,0,0,0,0,0,59,264,734,26,70,0,1
Graduation,Divorced,50002.0,0,1,21,443,5,71,21,16,82,2,8,2,7,7,0,0,0,0,0,0,0,60,198,638,19,92,21,2
Graduation,Married,69755.0,0,0,23,217,77,373,111,23,93,1,3,6,12,1,0,0,0,0,0,0,0,69,91,894,22,484,100,3
Graduation,Married,44078.0,1,1,17,24,1,10,2,0,4,2,2,0,3,5,0,0,0,0,0,0,0,45,-169,41,7,12,1,2
Master,Together,30560.0,1,0,6,9,1,5,4,5,7,1,1,0,3,7,0,0,0,0,0,0,0,38,188,31,5,9,6,2
Master,Together,35924.0,1,1,56,8,0,14,2,3,7,1,1,0,3,5,0,0,0,0,0,0,0,45,-81,34,5,16,3,0
PhD,Divorced,64140.0,0,2,71,1459,0,61,0,15,215,5,2,5,6,5,1,0,1,0,1,0,1,50,100,1750,18,61,15,1
Graduation,Together,56386.0,1,1,51,230,48,214,13,32,75,8,9,1,7,9,0,0,0,0,0,0,0,33,431,612,25,227,80,2
Basic,Together,24594.0,1,0,94,1,3,6,10,0,9,1,1,0,3,5,0,0,0,0,0,0,0,35,22,29,5,16,3,2
2n Cycle,Together,75774.0,1,0,27,340,21,134,258,14,56,1,7,5,8,4,0,0,0,0,0,0,0,33,-121,823,21,392,35,1
Master,Divorced,39228.0,0,0,1,7,1,6,0,3,3,1,0,0,3,4,0,0,0,0,0,0,0,54,236,20,4,6,4,0
Master,Married,58494.0,0,1,56,298,7,68,4,0,19,2,6,2,6,6,0,0,0,0,0,0,0,40,20,396,16,72,7,0
Graduation,Single,58684.0,0,0,71,479,35,179,28,7,85,1,5,3,12,2,0,1,0,0,0,0,0,33,-166,813,21,207,42,3
Graduation,Divorced,57136.0,0,0,18,267,140,599,34,12,127,1,7,5,7,6,0,0,0,0,0,0,1,47,228,1179,20,633,152,3
PhD,Widow,56551.0,1,1,48,67,4,32,17,2,16,3,2,1,4,4,0,0,0,0,0,0,0,64,-126,138,10,49,6,0
Graduation,Married,22448.0,1,0,86,3,1,8,23,2,18,3,2,1,3,3,0,0,0,0,0,0,0,32,-56,55,9,31,3,2
Graduation,Single,82014.0,0,0,48,980,37,265,35,163,31,1,3,6,12,6,0,0,0,0,0,0,1,53,499,1511,22,300,200,3
Graduation,Widow,34213.0,1,1,2,50,4,28,6,3,26,3,3,1,2,9,0,0,0,0,0,0,1,51,481,117,9,34,7,2
Graduation,Together,157146.0,0,0,13,1,0,1725,2,1,1,0,0,28,0,1,0,0,0,0,0,0,0,37,247,1730,28,1727,1,3
PhD,Widow,25358.0,0,1,57,19,0,5,0,0,8,2,1,0,3,6,0,0,0,0,0,0,0,67,163,32,6,5,0,0
Master,Single,35544.0,1,0,77,30,5,23,4,1,4,1,2,0,3,7,0,0,0,0,0,0,0,36,-66,67,6,27,6,2
Master,Together,36634.0,0,1,0,213,9,76,4,3,30,3,5,2,5,7,0,0,0,0,0,0,0,60,218,335,15,80,12,0
PhD,Married,62670.0,0,1,57,539,30,92,80,46,38,1,5,3,13,3,0,0,0,0,0,0,0,60,-32,825,22,172,76,1
2n Cycle,Together,50334.0,0,1,24,284,16,160,84,16,134,6,7,4,6,6,0,0,0,0,0,0,0,42,161,694,23,244,32,1
Graduation,Single,72066.0,0,0,55,1003,34,536,134,51,34,1,4,6,6,2,0,0,1,1,0,0,1,33,-173,1792,17,670,85,3
PhD,Single,50729.0,1,1,62,239,13,143,45,4,52,9,6,2,7,6,0,0,0,0,0,0,0,56,244,496,24,188,17,0
Graduation,Together,34916.0,2,0,89,51,23,82,33,0,42,4,5,1,3,9,0,0,0,0,0,0,0,46,231,231,13,115,23,2
Graduation,Divorced,64892.0,0,1,77,527,24,230,32,24,65,2,6,4,12,4,0,0,0,0,0,0,0,38,-148,902,24,262,48,3
Graduation,Single,43602.0,1,1,45,19,5,12,10,3,19,3,3,1,2,6,0,0,0,0,0,0,0,48,-9,68,9,22,8,2
PhD,Single,33996.0,0,0,46,40,2,15,8,0,6,1,1,1,3,4,0,0,0,0,0,0,0,25,112,71,6,23,2,0
2n Cycle,Single,41473.0,1,0,80,21,8,20,15,3,9,1,2,0,3,7,0,0,0,0,0,0,0,29,196,76,6,35,11,2
PhD,Married,63246.0,0,2,60,593,30,91,29,22,7,1,6,3,12,4,0,0,0,0,0,0,0,47,134,772,22,120,52,1
PhD,Married,36732.0,1,1,71,21,5,3,10,1,7,3,1,1,4,2,0,0,0,0,0,0,0,55,3,47,9,13,6,0
PhD,Married,69084.0,1,0,43,1181,107,199,39,30,30,2,7,3,13,8,0,0,0,0,0,0,0,44,43,1586,25,238,137,1
PhD,Married,77766.0,0,1,97,1004,59,265,115,59,27,2,11,10,11,6,1,0,0,0,0,0,1,47,313,1529,34,380,118,1
PhD,Single,37929.0,0,0,49,202,2,46,3,2,10,2,4,2,5,7,0,1,0,1,0,0,1,29,155,265,13,49,4,0
Graduation,Together,86610.0,0,0,66,446,107,768,33,196,53,1,5,6,6,2,0,0,0,0,0,0,0,63,118,1603,18,801,303,3
Master,Married,80141.0,0,0,20,1184,102,673,52,40,40,1,7,4,10,6,0,0,1,0,0,0,1,28,355,2091,22,725,142,3
2n Cycle,Married,72635.0,0,0,54,390,22,323,104,35,107,1,6,8,6,3,0,0,0,1,0,0,0,59,212,981,21,427,57,3
Graduation,Married,69016.0,0,1,61,726,53,363,123,107,161,4,8,9,13,5,0,0,0,0,0,0,0,44,405,1533,34,486,160,3
2n Cycle,Together,20193.0,0,0,18,8,8,22,24,11,9,1,1,1,4,4,0,0,0,0,0,0,0,23,399,82,7,46,19,2
Graduation,Married,27573.0,1,0,45,50,15,110,39,15,15,4,5,1,4,8,0,0,0,0,0,0,0,39,282,244,14,149,30,2
Basic,Single,15862.0,1,0,26,1,1,4,11,9,10,1,1,0,3,8,0,0,0,0,0,0,0,35,188,36,5,15,10,2
PhD,Married,49544.0,1,0,0,308,0,73,0,0,23,2,5,1,8,7,0,0,0,0,0,0,0,38,323,404,16,73,0,0
Graduation,Married,33228.0,1,0,28,22,2,31,7,4,5,1,2,0,3,7,0,0,0,0,0,0,0,34,-22,71,6,38,6,2
Graduation,Together,70440.0,0,0,49,690,117,499,76,102,88,1,5,10,7,3,0,0,0,1,0,0,0,36,85,1572,23,575,219,3
Graduation,Together,38232.0,1,1,84,43,5,28,7,6,33,4,3,1,3,5,0,0,0,0,0,0,0,43,-16,122,11,35,11,2
PhD,Married,22554.0,1,1,38,27,0,10,0,0,4,4,2,0,4,5,0,0,0,0,0,0,0,59,424,41,10,10,0,0
PhD,Married,23536.0,1,0,53,6,0,3,0,0,1,1,0,0,3,3,0,0,0,0,0,0,0,31,-154,10,4,3,0,0
Graduation,Married,49413.0,0,1,88,205,7,41,3,2,46,2,4,2,5,5,0,0,0,0,0,0,0,62,68,304,13,44,9,2
Graduation,Married,42231.0,1,1,99,24,0,8,0,1,4,1,1,0,3,5,0,0,0,0,0,0,0,45,-83,37,5,8,1,2
Master,Divorced,78789.0,0,0,12,667,50,850,21,83,83,1,4,6,5,2,0,0,0,0,0,0,1,34,511,1754,16,871,133,3
Graduation,Together,56534.0,0,1,35,691,7,61,10,0,46,4,10,4,7,8,0,1,0,0,1,0,1,46,162,815,25,71,7,3
Graduation,Single,58350.0,0,1,5,493,26,206,116,80,80,4,8,3,12,6,0,0,0,0,0,0,0,43,362,1001,27,322,106,3
Graduation,Single,81217.0,0,0,77,493,70,324,146,40,84,1,3,7,11,1,0,0,0,0,0,0,0,25,166,1157,22,470,110,3
Graduation,Single,49090.0,0,1,45,494,5,82,7,0,100,3,7,2,9,7,0,0,0,0,0,0,0,63,166,688,21,89,5,2
Master,Divorced,61787.0,0,0,71,621,73,414,78,48,85,1,8,4,6,5,0,0,0,0,0,0,0,27,179,1319,19,492,121,3
PhD,Married,18169.0,1,0,40,9,0,5,0,0,7,1,1,0,2,8,0,0,0,0,0,0,0,29,316,21,4,5,0,0
2n Cycle,Single,24336.0,1,0,82,1,6,2,8,2,12,1,1,0,2,7,0,0,0,0,0,0,0,33,492,31,4,10,8,2
Graduation,Married,18222.0,0,0,70,12,4,19,12,6,14,1,2,0,3,8,0,0,0,0,0,0,0,24,366,67,6,31,10,2
Graduation,Divorced,62335.0,0,1,87,243,131,217,85,6,26,2,3,3,13,2,0,0,0,0,0,0,0,62,223,708,21,302,137,3
2n Cycle,Together,42033.0,1,1,95,11,1,4,2,0,7,1,1,0,2,7,0,0,0,0,0,0,0,43,469,25,4,6,1,0
PhD,Married,86580.0,0,0,72,532,21,127,26,20,20,0,4,2,5,1,0,0,1,0,0,0,0,31,308,746,11,153,41,1
PhD,Divorced,41437.0,1,1,5,29,0,2,0,0,1,1,1,0,3,7,0,0,0,0,0,0,0,57,466,32,5,2,0,0
Master,Widow,73705.0,0,2,86,612,91,520,258,107,107,2,9,6,8,5,0,0,0,0,0,0,0,63,-63,1695,25,778,198,3
Graduation,Married,61064.0,0,1,80,387,126,342,0,45,180,5,8,4,11,6,0,0,0,0,0,0,0,38,488,1080,28,342,171,3
Master,Married,38452.0,1,1,62,56,0,14,0,0,2,3,3,0,3,7,0,0,0,0,0,0,0,59,-88,72,9,14,0,0
Graduation,Single,18358.0,1,0,49,6,8,19,16,4,4,3,3,0,4,7,0,0,0,0,0,0,0,25,42,57,10,35,12,2
PhD,Together,55012.0,0,1,85,582,0,65,0,0,13,6,8,2,9,5,0,0,0,0,0,0,0,41,-79,660,25,65,0,1
Basic,Together,9722.0,1,0,7,6,17,16,6,16,42,4,3,1,3,8,0,0,0,0,0,0,1,41,456,103,11,22,33,2
PhD,Married,38175.0,1,0,6,70,6,69,2,3,3,3,3,1,4,7,0,0,0,0,0,0,0,30,100,153,11,71,9,0
Master,Together,58656.0,0,1,25,962,12,194,16,24,12,4,7,8,13,6,0,0,1,0,0,0,0,58,468,1220,32,210,36,1
Graduation,Together,52117.0,0,1,55,112,10,107,30,0,20,2,5,2,4,7,0,0,0,0,0,0,0,49,503,279,13,137,10,2
Graduation,Married,64813.0,1,0,81,293,0,124,179,97,52,1,7,2,10,5,0,0,0,0,0,0,0,36,-1,745,20,303,97,3
PhD,Married,54222.0,0,1,98,199,12,31,3,12,7,1,3,3,5,3,0,0,0,0,0,0,0,41,-59,264,12,34,24,0
Graduation,Married,83512.0,0,0,31,1060,61,835,80,20,101,1,4,7,10,1,1,0,1,1,1,0,1,28,-167,2157,22,915,81,3
Master,Married,77520.0,0,1,30,940,44,396,0,88,58,1,8,7,7,4,1,0,1,1,0,0,1,55,126,1526,23,396,132,1
Graduation,Together,41154.0,0,1,98,44,2,11,2,3,7,1,1,0,4,5,0,0,0,0,0,0,0,36,267,69,6,13,5,2
Graduation,Married,80398.0,0,0,92,342,51,936,207,35,26,1,5,8,12,3,0,0,1,0,0,0,0,48,417,1597,26,1143,86,3
Basic,Single,18746.0,1,0,41,2,10,11,12,9,20,2,3,0,3,6,0,0,0,0,0,0,0,22,-148,64,8,23,19,2
Graduation,Together,35196.0,1,0,68,75,12,141,43,39,187,6,6,1,5,8,0,0,0,0,0,0,0,30,414,497,18,184,51,2
Graduation,Single,60230.0,0,1,78,520,20,367,39,81,40,2,6,3,6,5,0,0,0,0,0,0,0,58,226,1067,17,406,101,3
Graduation,Married,22108.0,1,1,46,5,3,9,6,2,6,2,2,0,3,7,0,0,0,0,0,0,0,37,-127,31,7,15,5,2
Graduation,Together,44392.0,1,1,71,87,5,71,7,12,29,5,4,1,4,7,0,0,0,0,0,0,0,40,118,211,14,78,17,2
PhD,Married,55424.0,0,1,6,462,61,184,10,53,107,4,7,5,9,6,1,0,0,0,0,0,1,38,402,877,25,194,114,1
Graduation,Married,17688.0,1,0,82,2,2,1,3,1,2,1,1,0,2,8,0,0,0,0,0,1,0,35,353,11,4,4,3,2
PhD,Married,92491.0,0,0,71,979,44,935,29,25,22,1,7,5,12,3,0,1,1,1,0,0,1,31,245,2034,25,964,69,1
Graduation,Single,90273.0,0,0,32,704,129,853,120,74,111,1,5,6,7,2,0,1,1,1,0,0,1,23,18,1991,19,973,203,3
PhD,Widow,82571.0,0,0,28,861,31,558,62,95,79,0,6,5,13,2,0,0,1,0,0,0,0,52,-91,1686,24,620,126,1
PhD,Single,38513.0,1,0,20,172,3,115,16,0,18,5,6,1,5,8,0,0,0,0,0,0,1,32,-27,324,17,131,3,0
Master,Single,16653.0,1,0,10,5,7,31,15,4,7,3,2,1,3,6,0,0,0,0,0,0,1,35,-107,69,9,46,11,2
Graduation,Together,42586.0,1,1,7,194,2,56,0,0,0,5,4,1,6,8,0,0,0,0,0,0,1,59,429,252,16,56,2,2
Basic,Single,23529.0,0,1,67,9,7,13,3,2,20,1,1,1,2,6,0,0,0,0,0,0,0,49,359,54,5,16,9,2
Master,Together,74881.0,1,1,48,505,72,270,36,27,54,4,9,2,12,5,0,0,0,0,0,0,0,53,299,964,27,306,99,1
Graduation,Married,71107.0,0,1,61,533,10,217,198,174,195,2,7,6,13,4,0,0,0,0,0,0,0,63,318,1327,28,415,184,3
PhD,Together,46910.0,1,1,36,48,0,14,0,0,6,2,2,0,3,6,0,0,0,0,0,0,0,50,-81,68,7,14,0,0
Graduation,Married,18690.0,0,0,77,6,1,7,23,4,19,1,1,1,2,8,0,0,0,0,0,0,0,55,369,60,5,30,5,2
Graduation,Divorced,37244.0,1,1,90,18,2,10,0,0,25,1,1,1,2,7,1,0,0,0,0,0,0,59,249,55,5,10,2,2
Graduation,Together,82427.0,0,0,35,482,147,509,104,107,107,1,3,5,12,1,0,0,1,0,0,0,0,48,-70,1456,21,613,254,3
2n Cycle,Single,75342.0,0,1,38,204,97,97,21,118,26,1,5,2,10,4,0,0,0,0,0,0,0,56,240,563,18,118,215,3
Graduation,Divorced,70044.0,0,1,46,1073,0,250,153,14,14,4,7,10,5,5,0,0,0,0,0,0,0,60,317,1504,26,403,14,3
Graduation,Single,79146.0,1,1,33,245,16,223,21,43,16,2,8,1,8,6,0,0,0,0,0,0,0,47,-113,564,19,244,59,2
Graduation,Married,77437.0,0,0,70,560,21,442,29,44,29,1,4,5,13,1,0,0,1,0,0,0,0,51,36,1125,23,471,65,3
Graduation,Married,54984.0,0,1,51,173,13,131,32,3,6,4,6,1,6,7,0,0,0,1,0,0,0,55,-143,358,17,163,16,2
PhD,Married,42403.0,1,0,18,22,1,11,0,5,3,1,1,0,3,8,0,0,0,0,0,0,0,43,21,42,5,11,6,0
Graduation,Together,55761.0,0,1,97,136,1,12,0,3,32,2,4,1,3,6,0,1,0,0,0,0,0,50,-113,184,10,12,4,2
Graduation,Together,37292.0,1,0,32,275,0,86,10,23,66,5,6,3,5,8,0,0,0,0,0,0,0,31,258,460,19,96,23,2
PhD,Single,45576.0,0,0,9,56,19,29,2,14,25,1,3,1,3,8,0,0,0,0,0,0,1,69,-147,145,8,31,33,0
Graduation,Together,70321.0,0,0,6,303,23,751,82,26,191,1,6,5,13,4,0,0,0,0,0,0,1,67,350,1376,25,833,49,3
PhD,Divorced,58086.0,0,1,80,708,7,62,0,0,15,2,11,3,7,8,0,0,0,0,0,0,0,45,346,792,23,62,7,1
Graduation,Married,81795.0,0,0,74,324,132,693,27,118,88,1,4,11,7,2,0,0,0,0,0,0,0,62,432,1382,23,720,250,3
Basic,Together,28389.0,0,0,49,1,5,3,7,4,8,1,1,0,2,7,0,0,0,0,0,0,0,67,407,28,4,10,9,0
Master,Married,66835.0,0,0,21,620,26,195,34,17,141,1,6,4,13,2,0,0,0,0,0,0,0,68,95,1033,24,229,43,1
Graduation,Divorced,69901.0,0,1,95,312,21,206,102,92,149,3,7,3,10,5,0,0,0,0,0,0,0,45,217,882,23,308,113,3
PhD,Married,80360.0,0,0,56,1493,86,454,112,43,43,2,4,4,5,2,0,1,1,1,0,0,0,65,304,2231,15,566,129,1
PhD,Together,63342.0,0,1,48,918,21,118,13,10,21,3,8,3,5,6,0,1,0,0,0,0,1,53,442,1101,19,131,31,1
Graduation,Married,44989.0,0,1,26,98,0,106,49,10,106,5,5,1,5,6,0,0,0,0,0,0,0,40,476,369,16,155,10,2
2n Cycle,Single,31859.0,1,0,3,3,4,7,15,8,11,1,1,0,3,7,0,0,0,0,0,0,0,34,-57,48,5,22,12,2
PhD,Widow,51569.0,0,1,39,380,0,47,6,0,34,4,7,1,7,8,0,1,0,0,0,0,1,65,323,467,19,53,0,0
Graduation,Widow,30372.0,1,1,33,15,0,12,7,3,7,3,2,0,3,7,0,0,0,0,0,0,0,43,372,44,8,19,3,2
Basic,Single,16014.0,1,1,42,3,9,4,7,8,7,4,1,1,4,3,0,0,0,0,0,0,0,35,290,38,10,11,17,2
Graduation,Married,41120.0,1,1,80,24,2,23,0,8,24,3,2,1,3,6,0,0,0,0,0,0,0,46,56,81,9,23,10,2
Master,Single,39763.0,1,0,9,80,1,60,4,6,16,2,5,1,2,9,0,0,0,0,0,0,1,43,150,167,10,64,7,2
PhD,Married,38725.0,1,1,52,31,0,6,2,1,5,2,1,0,4,4,0,0,0,0,0,0,0,59,-129,45,7,8,1,0
Graduation,Married,77981.0,1,0,78,138,120,204,16,126,60,3,7,4,7,5,0,0,0,0,0,0,0,42,220,664,21,220,246,3
2n Cycle,Married,62905.0,0,1,68,166,75,96,119,107,59,3,7,2,8,4,0,0,0,0,0,0,0,50,113,622,20,215,182,3
2n Cycle,Divorced,13533.0,1,0,45,12,3,8,8,0,17,2,2,0,3,7,0,0,0,0,0,0,0,35,297,48,7,16,3,2
Graduation,Together,59481.0,0,1,47,178,3,85,71,66,58,2,3,3,8,2,0,0,0,0,0,0,0,39,70,461,16,156,69,3
Graduation,Married,72117.0,0,1,34,707,20,171,65,60,50,1,9,7,9,5,0,0,0,0,0,0,0,37,134,1073,26,236,80,3
2n Cycle,Married,21955.0,1,0,81,5,1,7,17,14,11,2,2,1,3,6,0,0,0,0,0,0,0,28,116,55,8,24,15,2
Graduation,Married,67131.0,0,1,72,465,71,250,93,35,62,3,9,2,12,6,0,0,0,0,0,0,0,58,281,976,26,343,106,3
PhD,Single,36802.0,1,0,23,16,1,2,0,0,1,1,1,0,3,5,0,0,0,0,0,0,0,34,-166,20,5,2,1,0
Graduation,Together,71853.0,0,0,29,358,108,413,141,97,32,1,2,8,6,1,0,0,0,0,0,0,0,32,238,1149,17,554,205,3
Basic,Married,28249.0,0,0,80,1,9,7,2,14,10,1,2,0,3,6,0,0,0,0,0,0,0,53,-165,43,6,9,23,2
Master,Married,47808.0,0,1,30,123,1,26,2,0,72,2,3,2,3,7,1,0,0,0,0,0,0,39,73,224,10,28,1,2
PhD,Divorced,25509.0,1,0,15,40,3,30,10,7,11,3,3,0,3,9,0,0,0,0,0,0,1,40,470,101,9,40,10,0
PhD,Married,51012.0,0,0,86,102,9,63,2,9,24,1,4,1,4,6,0,0,0,0,0,0,0,68,258,209,10,65,18,0
Graduation,Single,70596.0,0,0,68,347,44,534,17,0,26,1,3,5,12,2,0,0,0,0,0,0,0,29,453,968,21,551,44,3
PhD,Together,85431.0,0,0,54,376,53,462,168,53,53,1,2,7,7,0,0,0,0,0,0,0,0,62,207,1165,17,630,106,1
Graduation,Married,42664.0,0,1,44,21,0,3,0,0,0,1,1,0,3,6,0,0,0,0,0,0,0,47,-76,24,5,3,0,2
Graduation,Together,42586.0,1,1,7,194,2,56,0,0,0,5,4,1,6,8,0,0,0,0,0,0,1,59,429,252,16,56,2,2
Graduation,Single,29760.0,1,0,87,64,4,68,7,5,17,4,3,1,4,8,0,0,0,0,0,0,0,29,490,165,12,75,9,2
PhD,Married,28973.0,0,0,59,206,0,46,3,2,12,2,5,1,5,8,0,0,0,0,0,0,0,37,445,269,13,49,2,0
PhD,Together,39435.0,1,0,16,71,0,18,0,0,13,1,3,1,2,7,0,0,0,0,0,0,0,41,148,102,7,18,0,0
2n Cycle,Married,65370.0,0,0,1,71,22,112,138,89,29,1,2,3,13,1,0,0,0,0,0,0,0,30,153,461,19,250,111,3
Basic,Single,20194.0,1,0,64,0,4,7,11,10,15,2,2,0,3,6,0,0,0,0,0,0,0,35,380,47,7,18,14,2
PhD,Single,42473.0,1,1,72,93,1,21,0,4,25,3,2,1,4,5,0,0,0,0,0,0,0,38,-47,144,10,21,5,0
Graduation,Married,64590.0,0,0,98,920,138,168,36,46,30,1,9,4,10,6,0,0,0,0,0,0,0,46,444,1338,24,204,184,3
Graduation,Together,71232.0,0,1,91,653,17,170,34,26,17,2,11,2,10,7,0,0,0,0,0,0,0,55,34,917,25,204,43,3
Graduation,Together,34600.0,1,1,8,199,33,60,8,3,15,5,5,2,5,8,0,0,0,0,0,0,1,43,365,318,17,68,36,2
Graduation,Single,46904.0,1,1,20,153,4,56,0,9,31,4,5,1,4,8,0,0,0,0,0,0,0,47,424,253,14,56,13,2
Graduation,Married,49094.0,0,1,6,376,0,38,11,8,69,5,6,3,6,6,0,0,0,0,0,0,0,41,467,502,20,49,8,2
Graduation,Together,36075.0,1,0,54,46,0,30,12,1,30,1,2,0,4,6,0,0,0,0,0,0,0,31,23,119,7,42,1,2
2n Cycle,Together,60839.0,1,1,72,600,21,128,223,150,128,13,2,2,12,8,0,0,0,0,0,0,0,35,491,1250,29,351,171,3
Graduation,Together,77298.0,0,1,46,425,115,292,23,35,79,1,6,6,11,3,0,0,0,0,0,0,0,35,60,969,24,315,150,3
Graduation,Together,34026.0,1,1,11,18,6,15,12,8,17,3,2,1,3,5,0,0,0,0,0,0,0,64,149,76,9,27,14,2
PhD,Single,48918.0,1,1,21,52,0,9,0,0,1,2,1,0,4,4,0,0,0,0,0,0,0,51,-101,62,7,9,0,0
2n Cycle,Together,82122.0,0,0,89,734,22,350,151,25,100,1,3,9,13,1,0,0,1,0,0,0,0,52,139,1382,26,501,47,3
Graduation,Single,37697.0,1,0,82,34,6,21,11,4,8,1,2,1,3,6,0,0,0,0,0,0,0,38,-37,84,7,32,10,2
Graduation,Together,34074.0,1,1,69,135,1,41,10,1,67,5,3,3,3,6,1,0,0,0,0,0,0,62,172,255,14,51,2,2
Master,Married,28520.0,1,1,55,11,0,10,0,2,20,1,1,1,2,6,0,0,0,0,0,0,0,54,201,43,5,10,2,0
Graduation,Single,62535.0,0,1,13,163,48,90,0,45,52,1,3,2,8,3,0,0,0,0,0,0,0,59,90,398,14,90,93,2
Master,Single,36273.0,1,0,80,29,3,30,3,2,9,2,3,0,3,6,0,0,0,0,0,0,0,37,-105,76,8,33,5,2
Graduation,Together,63404.0,0,2,97,734,26,70,11,44,17,2,6,3,4,4,0,0,0,1,0,0,0,50,-156,902,15,81,70,1
2n Cycle,Together,75774.0,1,0,27,340,21,134,258,14,56,1,7,5,8,4,0,0,0,0,0,0,0,33,-121,823,21,392,35,1
Graduation,Together,78416.0,0,1,99,453,38,279,188,38,183,2,7,7,10,3,0,0,0,0,0,0,0,38,-177,1179,26,467,76,3
Graduation,Together,75702.0,0,1,87,1073,0,629,145,37,37,1,10,5,13,6,0,0,1,0,0,0,0,40,444,1921,29,774,37,3
Master,Together,59385.0,1,1,85,135,0,10,0,4,36,2,3,1,4,5,0,0,0,0,0,0,0,63,248,185,10,10,4,0
Graduation,Single,37070.0,1,1,30,231,7,137,4,15,39,9,5,1,8,7,0,0,0,0,0,0,1,48,287,433,23,141,22,2
Graduation,Married,44689.0,1,1,82,18,0,5,0,0,11,2,1,1,2,7,1,0,0,0,0,0,0,63,-9,34,6,5,0,2
Graduation,Together,53977.0,0,1,21,620,16,165,0,24,82,5,5,5,12,5,0,0,0,0,0,0,0,56,207,907,27,165,40,3
PhD,Single,7144.0,0,2,92,81,4,33,5,2,291,0,23,1,1,0,0,0,0,0,0,0,0,48,25,416,25,38,6,1
Graduation,Single,18701.0,1,1,95,12,4,2,10,6,10,4,2,0,4,5,0,0,0,0,0,0,0,50,211,44,10,12,10,2
Graduation,Married,90369.0,0,0,2,292,51,981,224,23,17,1,4,6,6,1,0,0,0,0,0,0,1,58,-117,1588,17,1205,74,3
PhD,Single,63159.0,0,0,74,965,34,586,89,86,37,1,3,5,8,3,1,0,0,0,0,0,0,40,422,1797,17,675,120,1
Graduation,Together,37758.0,1,1,49,27,2,10,0,0,1,2,1,0,3,8,0,0,0,0,0,0,0,48,454,40,6,10,2,2
PhD,Single,46757.0,0,1,71,777,30,163,0,51,122,6,4,4,7,9,0,0,0,0,0,0,0,51,411,1143,21,163,81,1
Master,Married,79734.0,0,0,72,572,8,232,23,62,17,1,4,3,6,1,0,0,0,1,0,0,0,45,-178,914,14,255,70,1
Graduation,Together,63207.0,0,0,68,438,169,565,91,169,70,1,2,3,6,7,0,0,0,1,0,0,0,22,346,1502,12,656,338,3
Graduation,Divorced,72071.0,0,1,4,531,69,300,150,138,150,3,5,4,8,2,0,0,0,0,0,0,0,60,321,1338,20,450,207,3
PhD,Together,21840.0,1,0,80,17,0,9,0,0,1,1,1,0,3,9,0,0,0,0,0,0,0,31,164,27,5,9,0,0
2n Cycle,Together,58582.0,0,1,15,402,35,106,101,77,42,2,9,2,9,5,0,1,0,0,0,0,0,32,95,763,22,207,112,1
Graduation,Single,72282.0,0,0,70,503,27,419,90,139,153,1,5,7,9,7,0,0,0,0,0,0,1,63,166,1331,22,509,166,3
Graduation,Married,50387.0,0,2,91,369,9,87,12,14,34,3,6,2,8,5,0,0,0,0,0,0,0,58,123,525,19,99,23,2
PhD,Together,32583.0,1,1,10,5,0,3,0,0,1,1,1,0,2,7,0,0,0,0,0,0,0,53,-165,9,4,3,0,0
Graduation,Together,62568.0,0,1,99,362,17,398,80,35,61,3,5,3,5,4,0,0,0,1,0,0,0,52,-96,953,16,478,52,3
Master,Divorced,44635.0,1,1,25,56,0,9,0,0,3,2,2,0,3,7,0,0,0,0,0,0,0,43,82,68,7,9,0,0
Master,Single,33316.0,1,1,34,79,1,31,4,4,12,3,2,1,4,6,0,0,0,0,0,0,0,43,89,131,10,35,5,2
Graduation,Married,63967.0,0,1,57,387,84,141,73,35,162,3,4,4,12,2,0,0,0,0,0,0,0,46,145,882,23,214,119,3
2n Cycle,Together,52513.0,0,0,84,367,17,241,104,188,232,2,9,5,9,7,0,0,0,0,0,0,0,36,484,1149,25,345,205,3
Graduation,Married,25293.0,1,0,51,15,0,11,0,2,9,1,1,1,2,8,0,0,0,0,0,0,0,45,108,37,5,11,2,2
PhD,Widow,54111.0,0,1,97,267,6,54,8,3,50,2,5,2,6,5,0,0,0,0,0,0,0,49,129,388,15,62,9,0
Graduation,Together,78394.0,0,0,13,298,27,697,216,24,166,1,4,6,5,2,0,0,0,0,0,0,1,28,320,1428,16,913,51,3
Master,Married,80739.0,0,0,92,674,92,736,39,0,92,1,3,11,9,1,0,0,0,0,0,0,0,56,223,1633,24,775,92,3
Master,Together,22669.0,1,0,30,16,14,36,37,22,48,3,4,1,2,9,0,0,0,0,0,0,1,39,224,173,10,73,36,2
Graduation,Single,29236.0,1,0,30,37,4,24,16,9,9,2,4,0,3,9,0,0,0,0,0,0,0,27,85,99,9,40,13,2
Graduation,Together,44911.0,0,1,11,159,0,22,2,1,31,3,4,1,4,7,0,0,0,0,0,0,0,55,292,215,12,24,1,2
PhD,Married,54693.0,0,1,72,686,17,142,23,26,35,8,6,4,13,6,0,0,0,0,0,0,0,52,318,929,31,165,43,1
Graduation,Together,48186.0,1,0,39,97,3,66,12,7,34,3,4,1,4,7,0,0,0,0,0,0,0,40,-78,219,12,78,10,2
Graduation,Married,54809.0,1,1,0,63,6,57,13,13,22,4,2,1,5,4,0,0,0,0,0,0,1,37,112,174,12,70,19,2
Graduation,Together,41580.0,1,1,15,56,5,24,4,0,3,3,2,1,3,5,0,0,0,0,0,0,0,36,387,92,9,28,5,2
PhD,Married,80336.0,0,0,12,209,19,456,160,142,66,1,2,9,13,1,0,0,0,0,0,0,0,44,114,1052,25,616,161,1
Graduation,Married,47743.0,0,1,56,198,2,43,0,12,20,3,4,1,6,6,0,1,0,0,0,0,0,57,285,275,14,43,14,2
2n Cycle,Married,62972.0,0,1,39,313,15,47,20,0,192,2,7,4,3,6,0,0,0,0,0,0,0,59,516,587,16,67,15,1
PhD,Divorced,57333.0,0,1,55,941,14,397,76,58,176,11,8,5,9,6,0,0,0,0,0,0,1,60,466,1662,33,473,72,1
PhD,Together,32313.0,1,0,60,86,4,56,2,4,7,3,4,0,4,9,0,0,0,0,0,0,0,32,324,159,11,58,8,0
Master,Widow,84953.0,0,0,73,167,48,602,63,72,72,1,3,10,4,2,0,1,1,1,0,0,1,61,212,1024,18,665,120,3
Master,Divorced,27071.0,1,0,90,8,3,19,0,2,3,2,2,0,3,6,0,0,0,0,0,0,0,46,-112,35,7,19,5,2
Master,Together,68148.0,0,0,86,389,66,408,37,57,85,1,4,4,6,2,0,0,0,0,0,0,0,57,123,1042,15,445,123,3
Master,Together,65735.0,1,1,37,239,7,119,4,15,11,5,6,2,6,7,0,0,0,0,0,0,0,49,25,395,19,123,22,0
PhD,Married,86836.0,0,0,7,179,21,273,0,21,63,1,6,10,6,5,1,0,1,1,0,0,1,39,476,557,23,273,42,1
PhD,Married,4023.0,1,1,29,5,0,1,1,1,1,15,0,0,0,19,0,0,0,0,0,0,0,51,-173,9,15,2,1,0
Graduation,Married,30093.0,0,0,19,2,6,28,13,4,16,1,2,0,3,7,0,0,0,0,0,0,0,24,177,69,6,41,10,2
PhD,Married,57705.0,0,1,14,383,0,53,6,4,40,3,8,1,6,6,0,0,0,0,0,0,0,48,-10,486,18,59,4,0
Graduation,Single,25008.0,1,0,72,2,8,8,6,1,9,2,1,0,3,8,0,0,0,0,0,0,0,26,-32,34,6,14,9,2
2n Cycle,Single,83257.0,0,0,56,536,27,590,38,107,67,1,5,10,12,6,1,0,1,0,0,1,1,19,470,1365,28,628,134,3
Graduation,Together,22280.0,1,0,85,2,1,4,3,1,2,1,1,0,2,8,0,0,0,0,0,0,0,39,227,13,4,7,2,2
PhD,Married,72159.0,0,0,62,322,53,899,34,40,53,1,4,6,10,2,0,0,0,0,0,0,0,36,429,1401,21,933,93,1
Graduation,Together,64260.0,0,0,1,539,169,816,20,0,30,1,4,5,4,3,0,0,0,0,0,0,1,53,355,1574,14,836,169,3
PhD,Single,82733.0,0,0,28,712,50,420,65,38,38,1,8,4,7,4,0,0,0,0,0,0,1,30,113,1323,20,485,88,1
Master,Divorced,74290.0,0,1,70,1121,0,72,0,12,12,4,10,8,10,6,0,1,0,1,0,0,0,43,142,1217,32,72,12,1
Master,Single,58217.0,2,1,84,68,1,13,3,5,13,1,2,0,4,6,0,0,0,0,0,0,0,63,410,103,7,16,6,0
Master,Together,21024.0,0,0,89,36,4,18,6,2,18,1,2,0,4,7,0,0,0,0,0,0,0,38,181,84,7,24,6,2
PhD,Married,70116.0,0,0,73,707,44,603,95,58,29,1,2,8,12,1,0,0,0,0,0,0,0,42,340,1536,23,698,102,1
Graduation,Together,54006.0,1,0,42,174,77,203,6,24,97,2,8,1,7,7,0,0,0,0,0,0,0,29,470,581,18,209,101,2
PhD,Married,69063.0,0,1,16,666,35,124,69,8,26,1,5,3,5,3,0,0,0,0,0,0,0,48,420,928,14,193,43,1
2n Cycle,Divorced,11448.0,0,0,16,0,0,0,6,2,6,1,1,0,2,6,0,0,0,0,0,0,0,39,17,14,4,6,2,2
Graduation,Single,61825.0,0,1,56,162,50,100,55,30,27,1,4,2,8,4,0,0,0,0,0,0,0,35,147,424,15,155,80,2
Graduation,Married,70886.0,1,0,65,407,70,239,103,88,53,1,5,4,4,2,0,0,0,0,0,0,0,43,79,960,14,342,158,3
Graduation,Married,69109.0,0,0,10,823,25,459,124,29,95,1,6,6,7,4,0,0,1,0,0,0,1,32,418,1555,20,583,54,3
Graduation,Widow,60208.0,1,1,13,488,23,71,15,0,59,11,8,3,7,7,0,1,0,0,0,0,1,41,451,656,29,86,23,2
Master,Together,32889.0,1,1,78,28,0,13,4,2,8,3,2,1,3,5,0,0,0,0,0,0,0,46,117,55,9,17,2,0
Graduation,Single,34738.0,1,0,51,3,2,10,3,0,2,1,1,0,3,6,0,0,0,0,0,0,0,30,-130,20,5,13,2,2
Master,Together,30538.0,1,0,27,284,0,52,8,3,20,4,9,0,4,10,0,0,0,0,0,0,0,43,457,367,17,60,3,0
2n Cycle,Together,82326.0,0,0,30,938,142,754,159,81,183,1,5,10,6,2,0,1,1,1,0,0,1,37,-68,2257,22,913,223,3
PhD,Divorced,26642.0,1,0,71,13,2,15,2,2,8,2,2,0,3,6,0,0,0,0,0,0,0,47,-59,42,7,17,4,0
Graduation,Divorced,69932.0,0,1,97,412,172,153,150,105,57,2,7,6,11,4,0,0,0,0,0,0,0,50,203,1049,26,303,277,3
Graduation,Single,44503.0,1,1,83,31,1,8,0,0,8,2,2,0,3,6,0,0,0,0,0,0,0,42,-105,48,7,8,1,2
PhD,Single,60200.0,0,1,3,502,19,132,0,6,26,6,6,2,11,6,0,0,0,0,0,0,0,66,364,685,25,132,25,1
Graduation,Divorced,49638.0,0,1,71,18,10,3,3,5,0,1,1,0,3,2,0,0,0,0,0,0,0,62,-108,39,5,6,15,2
2n Cycle,Single,23830.0,0,0,3,1,8,6,4,8,16,1,1,0,3,7,0,0,0,0,0,0,0,27,-37,43,5,10,16,2
Master,Widow,33051.0,0,0,15,100,71,243,108,94,219,3,9,1,8,9,0,0,0,0,0,0,1,55,503,835,21,351,165,3
Graduation,Married,72905.0,0,0,52,407,114,445,181,165,203,1,3,7,9,1,0,0,0,1,0,0,0,56,-20,1515,20,626,279,3
PhD,Together,69702.0,0,1,8,664,9,240,50,19,57,2,7,7,10,4,0,0,0,0,0,0,0,63,316,1039,26,290,28,1
Graduation,Divorced,70300.0,1,0,89,1045,61,338,60,46,46,3,5,5,13,8,0,0,0,0,0,0,0,39,170,1596,26,398,107,3
PhD,Married,70643.0,0,0,66,1218,107,304,23,143,33,1,5,8,4,6,0,0,0,0,0,0,1,30,443,1828,18,327,250,1
PhD,Married,30396.0,1,0,22,15,0,6,0,1,12,2,1,1,2,7,1,0,0,0,0,0,1,45,-119,34,6,6,1,0
PhD,Divorced,50616.0,0,1,56,128,0,16,0,1,4,2,4,0,4,7,0,0,0,0,0,0,0,46,-107,149,10,16,1,0
Master,Single,62772.0,0,1,74,581,49,157,43,8,108,1,5,6,11,2,0,1,0,0,0,0,0,45,227,946,23,200,57,3
PhD,Single,30298.0,0,0,48,6,3,12,6,1,0,1,1,1,3,3,0,0,0,0,0,0,0,29,-138,28,6,18,4,0
Graduation,Single,52413.0,1,0,67,185,8,133,56,56,12,2,7,1,7,7,0,0,0,0,0,0,0,30,424,450,17,189,64,2
PhD,Married,44155.0,1,1,24,22,1,9,0,0,14,1,1,1,2,4,0,0,0,0,0,0,0,57,-18,46,5,9,1,0
PhD,Divorced,86979.0,0,0,67,584,100,835,65,83,35,1,5,5,5,2,1,0,0,0,0,0,1,43,55,1702,16,900,183,1
Graduation,Together,76532.0,1,1,38,355,30,177,90,138,30,4,9,5,7,5,0,0,0,0,0,0,0,39,114,820,25,267,168,3
Graduation,Married,42081.0,1,0,86,175,10,110,54,6,27,2,6,3,4,6,1,0,0,0,0,0,0,32,309,382,15,164,16,2
PhD,Married,67546.0,0,0,90,864,134,768,150,38,172,1,4,10,5,3,0,0,0,0,0,0,0,26,488,2126,20,918,172,3
Master,Together,88420.0,0,0,87,957,153,612,99,95,153,1,4,7,8,1,1,0,1,1,0,0,0,25,-121,2069,20,711,248,3
Graduation,Married,31158.0,1,0,62,25,6,16,20,0,5,2,2,0,3,8,0,0,0,0,0,0,0,29,339,72,7,36,6,2
Graduation,Divorced,61671.0,0,1,23,641,7,56,0,0,28,8,10,4,6,8,0,1,0,1,0,0,0,46,-153,732,28,56,7,3
Graduation,Single,69719.0,0,0,99,273,86,208,177,14,43,1,2,3,5,1,0,0,0,0,0,0,0,40,-145,801,11,385,100,3
Graduation,Divorced,49160.0,0,1,29,122,21,43,25,10,15,2,3,1,6,6,0,0,0,0,0,0,0,65,73,236,12,68,31,2
Basic,Together,24882.0,1,0,52,1,4,10,29,0,36,1,1,1,2,6,1,0,0,0,0,0,0,36,479,80,5,39,4,2
PhD,Single,90933.0,0,0,90,1020,31,430,62,63,79,1,4,6,4,1,0,0,1,0,0,0,0,60,-89,1685,15,492,94,1
PhD,Single,113734.0,0,0,9,6,2,3,1,262,3,0,27,0,0,1,0,0,0,0,0,0,0,69,-147,277,27,4,264,1
PhD,Together,59292.0,0,1,71,378,14,68,19,14,14,2,3,5,8,3,0,0,0,0,0,0,0,64,202,507,18,87,28,1
PhD,Married,45759.0,1,1,13,42,1,18,3,0,4,2,2,0,3,7,0,0,0,0,0,0,0,50,312,68,7,21,1,0
Graduation,Single,22148.0,0,0,16,15,5,14,0,4,11,1,1,0,3,7,0,0,0,0,0,0,0,31,-102,49,5,14,9,2
Master,Married,73395.0,0,0,94,272,7,80,20,7,11,1,4,4,6,2,0,0,0,0,0,0,0,27,-76,397,15,100,14,0
Graduation,Divorced,29819.0,1,0,77,9,1,24,2,1,2,3,3,0,3,6,0,0,0,0,0,0,0,43,69,39,9,26,2,2
Graduation,Married,45688.0,0,1,20,279,0,18,0,0,9,2,3,1,8,4,0,1,0,0,0,0,0,46,-24,306,14,18,0,2
Graduation,Married,62820.0,0,0,51,398,61,265,138,61,53,1,3,4,6,1,0,0,0,0,0,0,0,60,235,976,14,403,122,3
PhD,Married,60491.0,0,1,81,637,47,237,12,19,76,4,6,11,7,5,0,0,0,0,0,0,0,43,117,1028,28,249,66,1
Graduation,Together,33235.0,1,0,71,45,0,16,2,1,6,1,3,0,3,7,0,0,0,0,0,0,0,28,-35,70,7,18,1,2
Graduation,Married,35701.0,0,0,36,21,1,9,7,3,5,1,1,0,3,6,0,0,0,0,0,0,0,55,288,46,5,16,4,2
Master,Married,31535.0,1,0,95,15,4,13,0,0,19,1,1,1,2,7,1,0,0,0,0,0,0,34,97,51,5,13,4,2
2n Cycle,Together,92556.0,0,0,32,493,183,352,184,23,28,0,3,5,13,0,0,0,0,0,0,0,0,54,-109,1263,21,536,206,3
Graduation,Single,67384.0,0,1,32,957,40,175,158,53,107,2,7,8,5,5,0,1,0,0,0,0,0,44,417,1490,22,333,93,3
Master,Together,80573.0,0,0,85,829,138,430,60,92,15,1,4,6,13,2,0,0,0,0,0,0,0,43,444,1564,24,490,230,3
Graduation,Married,77870.0,0,1,93,1017,50,500,65,50,133,3,5,5,5,8,0,1,0,1,0,0,1,47,497,1815,18,565,100,3
PhD,Widow,52278.0,0,1,24,953,0,71,0,0,174,6,10,5,10,8,0,0,0,0,0,0,0,51,341,1198,31,71,0,1
Graduation,Single,57107.0,0,1,44,159,0,120,0,0,137,7,4,4,8,8,0,1,0,0,1,0,1,46,495,416,23,120,0,2
Graduation,Married,18929.0,0,0,15,32,0,8,23,4,18,1,1,0,4,6,0,0,0,0,0,0,0,24,319,85,6,31,4,2
PhD,Single,36038.0,1,0,82,23,0,15,0,2,7,2,3,0,3,6,0,0,0,0,0,0,0,33,215,47,8,15,2,0
Graduation,Single,20180.0,0,0,27,18,42,24,15,20,18,1,2,1,4,7,0,0,0,0,0,0,0,38,315,137,8,39,62,2
PhD,Together,34230.0,1,1,72,15,0,4,0,0,2,1,1,0,2,7,0,0,0,0,0,0,0,49,371,21,4,4,0,0
2n Cycle,Single,31878.0,0,1,7,23,4,5,10,5,23,1,1,0,4,3,0,0,0,0,0,0,0,37,-172,70,6,15,9,2
2n Cycle,Married,70932.0,0,1,57,200,193,100,46,185,185,2,6,2,12,3,0,0,0,0,0,0,0,42,-18,909,22,146,378,3
Graduation,Single,91249.0,0,0,84,1324,27,119,71,108,27,0,7,9,6,4,0,1,1,1,1,0,1,58,438,1676,22,190,135,3
Master,Single,77598.0,0,0,53,1193,33,281,129,66,33,1,7,5,13,3,0,0,1,0,0,0,0,71,92,1735,26,410,99,3
Graduation,Single,80982.0,1,1,48,505,137,401,104,22,22,3,11,5,11,5,0,0,0,0,0,1,0,55,358,1191,30,505,159,3
Master,Married,22701.0,1,0,2,2,4,9,0,4,5,1,1,0,3,5,0,0,0,0,0,0,0,37,118,24,5,9,8,2
PhD,Married,55212.0,0,1,65,1103,0,45,0,0,34,3,4,2,11,8,0,1,0,0,1,0,0,45,404,1182,20,45,0,1
Graduation,Married,70617.0,0,0,45,353,61,753,40,46,27,1,3,3,7,2,0,0,0,0,0,0,0,44,192,1280,14,793,107,3
Graduation,Single,64849.0,0,0,42,652,48,350,94,84,108,1,9,3,6,5,0,0,0,0,0,0,1,57,414,1336,19,444,132,3
Master,Married,62694.0,1,1,29,379,6,157,25,91,91,5,9,3,7,7,0,0,0,0,0,0,0,49,198,749,24,182,97,1
PhD,Married,61917.0,1,1,83,46,4,36,2,2,1,1,2,0,4,5,0,0,0,0,0,0,0,40,42,91,7,38,6,0
PhD,Married,67472.0,0,1,93,162,31,127,8,17,69,2,4,2,7,3,0,0,0,0,0,0,0,67,95,414,15,135,48,1
Master,Married,21059.0,1,0,40,8,3,19,3,3,8,3,3,0,3,6,0,0,0,0,0,0,0,32,-6,44,9,22,6,2
Master,Married,29543.0,2,0,47,17,3,18,3,4,18,2,3,1,2,7,0,0,0,0,0,0,0,46,-90,63,8,21,7,2
Graduation,Married,75903.0,0,1,50,340,108,185,130,38,100,2,6,6,9,3,0,0,0,0,0,0,0,63,268,901,23,315,146,3
2n Cycle,Together,34984.0,1,1,40,8,4,15,3,5,3,2,1,0,3,7,0,0,0,0,0,0,0,39,482,38,6,18,9,2
PhD,Single,54998.0,0,1,3,154,22,202,39,30,8,5,4,2,9,4,0,0,0,0,0,0,1,58,297,455,20,241,52,1
PhD,Widow,54356.0,0,1,62,710,15,30,20,0,0,3,11,2,8,8,0,0,0,0,0,0,1,65,408,775,24,50,15,1
Master,Married,34242.0,0,1,25,8,2,4,0,0,1,1,0,0,3,5,0,0,0,0,0,0,0,55,-81,15,4,4,2,0
Graduation,Married,25410.0,1,0,48,2,2,4,13,13,4,1,1,0,4,4,0,0,0,0,0,0,0,41,123,38,6,17,15,2
PhD,Married,73356.0,0,0,56,1050,14,322,0,14,112,1,5,11,5,2,1,0,1,1,0,0,1,30,-36,1512,22,322,28,1
Graduation,Together,28320.0,0,1,68,19,1,14,3,2,4,1,1,0,3,8,0,0,0,0,0,0,0,64,352,43,5,17,3,2
Graduation,Single,23763.0,1,0,64,22,0,6,6,2,6,1,1,0,3,7,0,0,0,0,0,0,0,37,512,42,5,12,2,2
Graduation,Married,72570.0,0,0,67,274,83,216,151,141,224,1,4,6,12,1,0,0,0,0,0,0,0,30,-114,1089,23,367,224,3
Master,Married,34529.0,1,0,94,68,6,38,3,6,41,2,2,2,3,7,0,0,0,0,0,0,0,38,474,162,9,41,12,2
Graduation,Widow,70792.0,0,0,82,344,45,654,104,11,114,2,3,4,10,3,0,0,0,0,0,0,0,63,329,1272,19,758,56,3
Graduation,Married,63211.0,0,0,3,145,193,459,205,26,145,2,3,8,7,2,0,0,0,0,0,0,1,32,425,1173,20,664,219,3
Master,Married,83891.0,0,1,24,217,38,350,111,85,15,1,4,7,10,1,0,0,0,0,0,0,0,40,-170,816,22,461,123,3
Graduation,Single,36065.0,1,1,54,18,7,34,10,2,3,3,3,0,3,8,0,0,0,0,0,0,0,46,276,74,9,44,9,2
Graduation,Together,39898.0,0,1,20,69,8,26,12,7,12,2,3,0,4,7,0,0,0,0,0,0,0,60,323,134,9,38,15,2
PhD,Single,51141.0,0,0,96,144,0,7,0,0,6,1,3,1,4,5,0,0,0,0,0,0,0,74,177,157,9,7,0,0
Graduation,Married,56939.0,0,1,19,256,34,103,90,29,49,2,3,3,10,3,0,0,0,0,0,0,0,38,105,561,18,193,63,3
Graduation,Single,80872.0,0,0,60,483,72,567,94,12,108,1,4,4,10,1,0,0,0,0,0,0,0,63,-131,1336,19,661,84,3
PhD,Together,72335.0,0,0,2,1285,105,653,28,21,0,1,10,4,8,8,0,0,0,0,0,0,1,38,506,2092,23,681,126,1
PhD,Single,61798.0,0,0,13,338,4,89,11,8,13,1,4,2,9,4,0,0,0,0,0,0,0,50,39,463,16,100,12,1
PhD,Widow,76842.0,0,0,37,605,10,345,84,54,32,1,1,8,7,0,0,0,0,0,0,0,0,64,-122,1130,17,429,64,1
Graduation,Together,29478.0,1,0,59,8,0,7,3,1,1,1,1,0,3,6,0,0,0,0,0,0,0,38,-16,20,5,10,1,2
Graduation,Single,46998.0,0,1,55,172,41,86,45,6,27,5,5,3,5,7,1,0,0,0,0,0,0,58,436,377,18,131,47,2
Graduation,Single,96843.0,0,0,60,448,71,951,40,17,17,1,6,11,10,2,0,0,1,0,0,0,1,24,253,1544,28,991,88,3
PhD,Widow,56551.0,1,1,48,67,4,32,17,2,16,3,2,1,4,4,0,0,0,0,0,0,0,64,-126,138,10,49,6,0
Master,Married,70053.0,0,1,38,512,53,98,81,179,89,3,8,5,10,5,0,0,0,0,0,0,0,49,182,1012,26,179,232,3
PhD,Widow,71670.0,0,0,8,1462,16,128,0,0,160,1,5,3,6,6,0,1,1,0,1,0,1,52,176,1766,15,128,16,1
Graduation,Married,44359.0,1,1,19,20,0,14,7,3,1,3,2,0,4,3,0,0,0,0,0,0,0,36,-167,45,9,21,3,2
Graduation,Single,40887.0,1,1,32,50,4,44,10,10,43,3,3,1,3,9,0,0,0,0,0,0,1,62,240,161,10,54,14,2
Graduation,Divorced,48877.0,0,1,27,102,1,15,2,0,24,1,3,0,4,7,0,0,0,0,0,0,0,48,-4,144,8,17,1,2
Graduation,Together,74485.0,0,0,58,499,149,815,173,49,49,1,6,7,12,3,0,0,0,0,0,0,0,67,130,1734,26,988,198,3
Graduation,Together,64474.0,0,1,59,381,35,172,56,86,93,2,8,2,10,5,0,0,0,0,0,0,0,42,71,823,22,228,121,3
Graduation,Together,77226.0,0,1,29,631,43,239,128,76,21,2,6,8,12,3,0,0,0,0,0,0,0,51,-58,1138,28,367,119,3
Graduation,Widow,72643.0,0,0,60,526,80,553,123,94,53,1,3,10,7,2,0,0,0,1,0,0,1,65,308,1429,21,676,174,3
Master,Together,85738.0,0,0,41,913,26,376,17,26,13,1,3,6,11,1,0,1,1,0,0,0,0,36,-22,1371,21,393,52,3
Graduation,Divorced,55686.0,0,1,27,673,0,199,37,47,26,2,6,3,5,4,1,0,0,0,0,0,0,48,321,982,16,236,47,3
Graduation,Single,39062.0,1,0,28,23,0,9,0,0,12,1,1,0,3,4,1,0,0,0,0,0,0,31,-83,44,5,9,0,2
Graduation,Together,34600.0,1,1,8,199,33,60,8,3,15,5,5,2,5,8,0,0,0,0,0,0,1,43,365,318,17,68,36,2
Graduation,Married,40794.0,0,1,18,261,23,73,4,23,50,2,6,3,5,7,0,0,0,0,0,0,0,39,269,434,16,77,46,2
2n Cycle,Married,54690.0,1,1,76,111,16,37,7,9,18,3,3,1,5,3,0,0,0,0,0,0,0,43,55,198,12,44,25,0
Graduation,Married,4428.0,0,1,0,16,4,12,2,4,321,0,25,0,0,1,0,0,0,0,0,0,0,45,88,359,25,14,8,3
2n Cycle,Married,32632.0,0,0,32,63,151,137,153,19,53,2,4,4,8,5,0,0,0,0,0,0,0,51,517,576,18,290,170,3
PhD,Single,38236.0,1,1,2,58,0,18,2,0,10,4,3,0,4,7,0,0,0,0,0,0,0,46,103,88,11,20,0,0
Graduation,Married,36781.0,1,0,16,29,1,17,0,3,13,1,2,1,2,8,0,0,0,0,0,0,1,35,-99,63,6,17,4,2
Master,Single,31385.0,1,0,56,3,2,12,0,1,9,1,1,0,2,8,1,0,0,0,0,0,1,30,392,27,4,12,3,2
Graduation,Married,24570.0,1,0,97,28,34,62,11,14,44,3,4,0,4,9,0,0,0,0,0,0,0,30,308,193,11,73,48,2
PhD,Divorced,25509.0,1,0,15,40,3,30,10,7,11,3,3,0,3,9,0,0,0,0,0,0,1,40,470,101,9,40,10,0
Graduation,Married,94642.0,0,0,35,879,143,797,106,143,143,0,5,7,9,1,0,0,1,1,0,0,0,63,-42,2211,21,903,286,3
Master,Married,58646.0,0,1,3,62,1,44,6,5,22,1,2,1,4,4,0,0,0,0,0,0,0,52,205,140,8,50,6,0
Graduation,Single,53201.0,1,1,49,280,7,81,20,0,27,8,6,3,5,7,0,0,0,0,0,0,0,39,323,415,22,101,7,2
Graduation,Together,21994.0,0,1,4,9,0,6,3,1,3,1,0,0,3,5,0,0,0,0,0,0,0,57,373,22,4,9,1,2
Graduation,Married,57113.0,1,1,45,182,4,33,0,2,42,6,4,1,5,7,0,0,0,0,0,0,0,36,329,263,16,33,6,2
Graduation,Married,51373.0,0,0,37,83,2,101,64,26,117,1,3,5,3,4,0,0,0,0,0,0,0,23,193,393,12,165,28,2
Graduation,Married,23477.0,1,0,39,38,15,54,3,8,29,3,3,0,4,8,0,0,0,0,0,0,0,28,72,147,10,57,23,2
Graduation,Married,58116.0,0,1,38,228,19,130,4,11,51,2,3,3,8,2,0,0,0,0,0,0,0,58,-102,443,16,134,30,2
PhD,Divorced,72968.0,0,0,8,1092,37,592,145,37,55,1,5,5,8,3,0,0,0,1,0,0,1,51,16,1958,19,737,74,1
Master,Married,39791.0,0,1,89,85,15,27,13,13,21,2,3,1,4,7,0,0,0,0,0,0,0,43,279,174,10,40,28,2
Master,Single,91712.0,0,0,47,1276,24,746,94,29,48,0,9,7,11,3,0,0,1,0,0,0,1,67,76,2217,27,840,53,3
Graduation,Single,94472.0,0,1,75,1017,33,417,108,100,16,1,5,5,5,5,0,1,1,0,0,0,0,56,-92,1691,16,525,133,3
Graduation,Together,13672.0,1,1,86,6,2,9,2,1,5,2,1,0,3,8,0,0,0,0,0,0,0,54,259,25,6,11,3,2
2n Cycle,Married,96547.0,0,0,4,448,21,125,52,101,62,0,7,6,8,2,1,0,1,1,0,0,1,34,-142,809,21,177,122,3
Graduation,Married,79205.0,0,0,73,504,23,117,179,28,44,1,6,5,4,4,0,0,0,1,0,0,1,39,490,895,16,296,51,3
PhD,Together,56559.0,0,1,46,226,22,133,41,31,31,3,4,3,8,4,0,0,0,0,0,0,0,39,372,484,18,174,53,1
PhD,Married,32644.0,1,0,38,239,3,141,0,7,23,4,7,1,6,8,1,0,0,0,0,0,0,41,350,413,18,141,10,0
2n Cycle,Single,67506.0,0,1,73,90,38,67,33,36,67,1,4,1,6,3,0,0,0,0,0,0,0,34,-1,331,12,100,74,2
Graduation,Single,24206.0,1,0,66,7,2,8,3,2,3,1,1,0,3,6,0,0,0,0,0,0,0,44,299,25,5,11,4,2
PhD,Divorced,28420.0,1,0,36,4,2,5,2,0,0,1,1,0,2,6,0,0,0,0,0,0,0,47,8,13,4,7,2,0
Graduation,Married,22979.0,1,0,29,16,17,19,20,21,22,3,3,2,2,8,0,0,0,0,0,0,1,44,482,115,10,39,38,2
Graduation,Single,33279.0,0,0,29,10,3,3,0,0,0,1,0,0,3,3,0,0,0,0,0,0,0,48,-162,16,4,3,3,2
Master,Single,46423.0,1,1,6,68,0,16,0,0,8,3,2,0,4,7,0,0,0,0,0,0,0,42,105,92,9,16,0,2
Graduation,Married,30368.0,0,1,97,35,0,13,2,0,2,2,2,0,3,8,0,0,0,0,0,0,0,37,55,52,7,15,0,2
Graduation,Married,63684.0,0,1,61,575,80,428,208,93,80,3,8,4,8,5,0,0,0,0,0,0,0,44,401,1464,23,636,173,3
Graduation,Divorced,41638.0,0,1,68,315,0,31,4,0,91,4,5,5,3,8,1,0,0,0,0,0,0,50,322,441,17,35,0,2
PhD,Divorced,68805.0,0,1,73,182,2,49,17,13,20,1,3,1,7,2,0,0,0,0,0,0,0,55,106,283,12,66,15,0
PhD,Together,65814.0,0,1,90,561,14,113,10,14,35,3,8,2,10,5,0,0,0,0,0,0,0,48,-60,747,23,123,28,1
Graduation,Divorced,71964.0,0,0,81,587,51,932,180,34,86,1,5,6,5,3,0,0,0,0,0,0,0,56,226,1870,17,1112,85,3
Graduation,Single,39146.0,1,0,1,94,1,33,13,12,12,3,4,0,4,8,0,0,0,0,0,0,0,28,321,165,11,46,13,2
Graduation,Together,96876.0,0,0,79,908,43,735,40,194,21,1,7,7,9,2,0,1,1,1,0,0,1,37,148,1941,24,775,237,3
Basic,Married,34445.0,0,0,92,228,122,122,208,129,30,6,11,2,8,9,0,0,0,0,0,0,0,33,339,839,27,330,251,3
Graduation,Single,68281.0,0,0,31,995,112,417,42,48,41,1,2,9,13,5,0,0,0,0,0,0,1,56,512,1655,25,459,160,3
2n Cycle,Married,37284.0,1,1,46,11,1,2,2,1,6,1,0,0,3,6,0,0,0,0,0,0,0,39,278,23,4,4,2,2
Graduation,Married,36790.0,0,0,14,3,3,14,15,21,10,1,2,1,2,9,0,0,0,0,0,0,1,31,306,66,6,29,24,2
Graduation,Together,27943.0,1,1,89,12,1,16,4,1,3,3,2,0,3,8,0,0,0,0,0,0,0,47,261,37,8,20,2,2
Graduation,Divorced,22263.0,1,1,31,17,0,2,0,0,2,2,1,0,3,6,0,0,0,0,0,1,0,63,-88,21,6,2,0,2
Graduation,Together,30261.0,1,2,75,8,0,5,0,3,6,1,0,0,3,8,0,0,0,0,0,0,0,42,463,22,4,5,3,2
Graduation,Together,28587.0,1,0,42,22,4,17,12,10,13,3,2,0,4,6,0,0,0,0,0,0,0,36,-42,78,9,29,14,2
Master,Married,43815.0,1,0,53,14,10,29,4,7,15,1,2,0,3,6,0,0,0,0,0,0,0,32,271,79,6,33,17,2
Graduation,Married,48195.0,1,1,53,106,27,68,52,7,5,6,4,2,5,6,0,0,0,0,0,0,0,58,-20,265,17,120,34,2
Master,Married,77027.0,0,1,23,820,57,242,45,0,11,2,8,3,6,4,0,0,0,0,0,0,0,62,-35,1175,19,287,57,1
PhD,Married,71322.0,0,1,57,753,43,226,69,10,204,2,8,5,13,4,0,0,0,0,0,0,0,49,319,1305,28,295,53,1
Master,Married,32765.0,1,0,49,13,3,17,7,3,3,2,2,0,4,5,0,0,0,0,0,0,0,35,-53,46,8,24,6,2
Graduation,Together,29672.0,1,1,6,9,1,3,0,4,8,1,0,0,3,6,0,0,0,0,0,0,0,49,295,25,4,3,5,2
Graduation,Divorced,23272.0,0,0,29,19,3,6,4,2,12,1,1,0,3,4,0,0,0,0,0,0,0,61,76,46,5,10,5,2
Master,Together,49912.0,0,1,5,520,8,223,32,49,42,4,10,5,7,8,1,0,0,0,0,0,1,65,481,874,26,255,57,1
2n Cycle,Together,7500.0,1,0,98,5,17,17,13,14,34,4,2,1,3,9,0,0,0,0,0,0,0,29,518,100,10,30,31,2
PhD,Widow,68117.0,0,1,80,618,44,215,0,17,36,2,11,8,4,6,1,0,0,0,0,0,1,67,297,930,25,215,61,1
Graduation,Married,67225.0,0,1,4,315,35,322,46,7,143,3,7,2,11,5,0,0,0,0,0,0,0,59,36,868,23,368,42,3
Graduation,Married,17649.0,1,0,70,15,1,23,0,5,1,3,3,0,3,8,0,0,0,0,0,0,0,38,50,45,9,23,6,2
Graduation,Together,55914.0,0,1,32,384,60,364,119,101,232,4,11,6,8,7,0,0,0,0,0,0,0,39,247,1260,29,483,161,3
Graduation,Married,40059.0,1,0,82,110,29,92,28,10,145,1,6,2,3,8,1,0,0,0,0,0,0,30,95,414,12,120,39,2
Graduation,Together,60905.0,0,1,27,208,17,76,36,17,38,2,3,3,7,2,0,0,0,0,0,0,0,64,27,392,15,112,34,0
Graduation,Married,75330.0,1,1,94,555,82,257,93,61,61,4,10,3,12,6,0,0,0,0,0,0,0,37,454,1109,29,350,143,3
Graduation,Single,60689.0,0,1,23,240,90,216,63,6,24,4,4,4,10,3,0,0,0,0,0,0,0,63,214,639,22,279,96,3
Graduation,Married,38680.0,1,0,97,11,0,36,15,5,12,1,2,0,3,7,0,0,0,0,0,0,0,30,279,79,6,51,5,2
Graduation,Together,61416.0,0,0,25,848,154,323,201,61,78,1,10,3,10,6,1,0,0,0,0,0,0,32,327,1665,24,524,215,3
Graduation,Single,49767.0,0,0,92,202,47,197,55,42,149,1,5,4,8,4,0,0,0,0,0,0,0,23,244,692,18,252,89,3
Graduation,Single,83273.0,1,2,98,433,89,650,16,102,102,10,4,6,9,7,0,0,0,0,0,0,0,44,463,1392,29,666,191,3
Graduation,Married,29009.0,1,0,19,6,6,15,10,5,2,2,2,0,3,6,0,0,0,0,0,0,0,33,33,44,7,25,11,2
Master,Married,45057.0,1,0,80,37,0,7,3,0,3,1,2,0,3,5,0,0,0,0,0,0,0,35,31,50,6,10,0,2
Graduation,Married,37150.0,1,0,80,167,37,64,49,34,116,8,4,3,6,7,0,0,0,0,0,0,0,43,477,467,21,113,71,2
Graduation,Single,43020.0,1,0,79,45,7,99,4,25,43,3,4,1,4,6,0,0,0,0,0,0,0,44,32,223,12,103,32,2
Graduation,Married,53154.0,0,1,50,129,0,21,0,1,7,1,3,1,4,4,0,0,0,0,0,0,0,55,-159,158,9,21,1,2
Graduation,Married,65308.0,0,0,60,713,0,264,120,80,34,1,7,8,12,4,0,0,1,1,0,0,0,41,112,1211,28,384,80,3
Graduation,Single,76467.0,1,0,44,676,161,426,210,44,58,2,2,5,5,6,0,0,0,0,0,0,1,44,502,1575,14,636,205,3
2n Cycle,Married,81044.0,0,0,0,450,26,535,73,98,26,1,5,6,10,1,0,0,0,0,0,0,0,67,5,1208,22,608,124,3
Graduation,Married,32871.0,1,1,28,22,2,12,0,2,5,1,1,0,3,4,0,0,0,0,0,0,0,63,298,43,5,12,4,2
Graduation,Single,55801.0,1,1,35,367,4,51,6,4,95,6,7,2,6,7,0,0,0,1,0,0,0,39,101,527,21,57,8,2
Graduation,Widow,76320.0,0,1,49,526,35,214,69,53,35,2,6,3,4,2,0,0,0,0,0,0,0,55,-172,932,15,283,88,3
Master,Single,36927.0,1,1,46,51,0,16,0,0,4,2,3,0,3,8,0,0,0,0,0,0,0,59,-152,71,8,16,0,0
Graduation,Together,48794.0,1,1,97,25,0,11,3,0,15,1,1,0,3,4,0,0,0,0,0,0,0,61,-176,54,5,14,0,2
Graduation,Single,23478.0,0,0,51,28,6,27,12,17,39,1,3,0,3,8,0,0,0,0,0,0,0,49,288,129,7,39,23,2
Graduation,Divorced,71128.0,1,0,80,958,159,447,20,0,31,3,2,10,12,7,0,0,0,0,0,0,0,41,452,1615,27,467,159,3
PhD,Divorced,70179.0,0,1,10,532,88,168,69,44,133,3,7,3,13,5,0,0,0,0,0,0,0,38,164,1034,26,237,132,1
Graduation,Married,59462.0,0,1,29,724,17,143,0,8,196,2,9,2,12,7,0,0,0,0,0,0,0,64,361,1088,25,143,25,3
Master,Together,51381.5,1,1,52,375,42,48,94,66,96,7,4,10,4,3,0,0,0,0,0,0,0,45,228,721,25,142,108,1
Graduation,Together,38361.0,1,0,74,39,0,56,20,8,14,3,3,1,3,7,0,0,0,0,0,0,0,45,5,137,10,76,8,2
PhD,Single,51381.5,1,0,82,23,0,15,0,2,7,2,3,0,3,6,0,0,0,0,0,0,0,33,215,47,8,15,2,0
PhD,Together,70038.0,0,0,54,587,54,348,71,54,130,1,4,4,8,2,0,0,0,0,0,0,0,32,68,1244,17,419,108,1
Graduation,Together,42554.0,1,1,93,29,1,11,0,0,0,2,2,0,3,4,0,0,0,0,0,0,0,36,354,41,7,11,1,2
Graduation,Married,67445.0,0,1,63,757,80,217,29,80,11,5,9,6,12,6,0,0,0,0,0,0,0,40,507,1174,32,246,160,3
Graduation,Widow,67046.0,0,1,92,544,35,133,23,151,107,2,4,5,4,2,0,0,0,0,0,0,0,63,360,993,15,156,186,3
Graduation,Married,42192.0,0,0,40,40,15,15,17,6,7,1,2,1,3,4,0,0,0,0,0,0,0,66,117,100,7,32,21,2
PhD,Married,77610.0,0,1,70,1245,33,332,21,33,16,2,4,7,4,7,0,0,0,0,0,0,0,62,429,1680,17,353,66,1
Graduation,Married,31761.0,1,0,96,19,1,20,16,14,28,2,3,0,4,5,0,0,0,0,0,0,0,30,-94,98,9,36,15,2
Graduation,Together,34350.0,1,0,81,16,3,15,2,1,11,1,1,0,3,7,0,0,0,0,0,0,0,35,74,48,5,17,4,2
Graduation,Together,54591.0,0,1,63,376,4,94,12,9,24,3,6,2,8,5,0,0,0,0,0,0,0,65,149,519,19,106,13,0
Graduation,Married,71866.0,0,1,85,184,178,178,103,39,33,1,6,3,10,3,0,0,0,0,0,0,0,58,7,715,20,281,217,3
Graduation,Married,25293.0,1,0,51,15,0,11,0,2,9,1,1,1,2,8,0,0,0,0,0,0,0,45,108,37,5,11,2,2
PhD,Single,42000.0,0,0,23,124,83,267,85,59,35,2,5,2,11,5,0,0,0,0,0,0,1,27,356,653,20,352,142,1
Graduation,Married,69520.0,0,0,95,627,120,414,121,80,93,1,9,6,5,5,0,0,0,0,0,0,0,31,178,1455,21,535,200,3
Graduation,Divorced,64713.0,1,0,11,180,60,241,13,54,54,2,5,5,7,4,0,0,0,0,0,0,1,44,-37,602,19,254,114,3
Master,Married,27889.0,1,0,42,14,0,4,0,0,8,1,1,1,2,6,0,0,0,0,0,0,0,37,180,26,5,4,0,2
Basic,Widow,22123.0,0,0,77,3,3,24,34,7,31,1,2,1,3,5,0,0,0,0,0,0,0,54,-85,102,7,58,10,2
Graduation,Married,51381.5,1,1,82,71,1,16,0,0,9,4,2,1,3,8,0,0,0,0,0,0,0,43,304,97,10,16,1,2
Master,Together,51381.5,0,1,83,161,0,22,0,0,24,2,4,1,4,6,0,0,0,0,0,0,0,60,192,207,11,22,0,0
Graduation,Married,27803.0,1,0,40,8,26,46,38,9,49,2,3,0,4,8,0,0,0,0,0,0,0,41,493,176,9,84,35,2
Graduation,Single,51381.5,0,1,95,264,0,21,12,6,147,3,6,1,5,7,0,0,0,0,0,0,0,59,75,450,15,33,6,2
Graduation,Married,51651.0,0,1,32,293,6,23,13,6,92,4,6,2,5,8,0,0,0,0,0,0,0,54,420,433,17,36,12,2
Graduation,Married,68487.0,0,0,48,758,12,385,33,89,89,1,9,7,13,4,0,0,0,0,0,0,0,26,353,1366,30,418,101,3
Master,Widow,51381.5,0,0,75,532,126,490,164,126,126,1,5,5,11,1,0,0,1,0,0,0,1,71,63,1564,22,654,252,3
Graduation,Married,56796.0,0,1,24,656,38,161,62,47,37,3,8,9,7,7,0,0,0,0,0,0,0,45,319,1001,27,223,85,3
2n Cycle,Married,87000.0,0,0,61,196,25,607,67,17,49,1,4,6,7,2,0,0,0,0,0,0,0,22,382,961,18,674,42,3
Graduation,Married,79823.0,0,1,6,835,73,380,114,73,43,1,6,9,7,2,0,1,0,0,0,0,0,55,-89,1518,23,494,146,3
Graduation,Single,30828.0,1,0,16,16,11,15,2,0,12,2,1,1,4,3,0,0,0,0,0,0,0,34,89,56,8,17,11,2
Master,Married,34109.0,0,1,39,9,1,5,2,1,4,1,0,0,3,4,0,0,0,0,0,0,0,43,56,22,4,7,2,2
Master,Divorced,53367.0,1,1,2,229,7,140,10,3,11,7,5,1,8,7,0,0,0,0,0,0,1,40,123,400,21,150,10,0
Basic,Together,22390.0,0,0,49,0,1,4,15,1,5,1,1,0,2,7,0,0,0,0,0,0,0,45,72,26,4,19,2,2
Graduation,Together,71322.0,0,1,31,121,24,124,24,15,42,1,4,1,7,2,0,0,0,0,0,0,0,38,-121,350,13,148,39,2
Graduation,Absurd,79244.0,0,0,58,471,102,125,212,61,245,1,4,10,7,1,0,0,1,1,0,0,1,21,378,1216,22,337,163,3
Master,Together,49912.0,0,1,5,520,8,223,32,49,42,4,10,5,7,8,1,0,0,0,0,0,1,65,481,874,26,255,57,1
PhD,Married,48699.0,1,1,90,26,1,10,2,0,1,1,1,0,3,5,0,0,0,0,0,0,0,64,225,40,5,12,1,0
Graduation,Together,80144.0,0,0,47,240,132,445,250,192,108,1,3,7,8,1,0,0,0,0,0,0,0,39,93,1367,19,695,324,3
Graduation,Single,54252.0,1,1,25,178,4,26,8,4,44,5,4,1,5,6,0,0,0,0,0,0,0,58,218,264,15,34,8,2
Master,Married,81929.0,1,0,60,1486,55,278,49,0,185,2,4,4,10,6,1,0,1,0,0,0,1,38,459,2053,20,327,55,3
Graduation,Married,76068.0,0,1,67,1115,12,128,33,12,76,1,2,3,4,6,0,1,0,0,1,0,0,39,398,1376,10,161,24,3
Master,Married,53204.0,1,1,40,29,0,8,2,0,6,1,1,0,3,4,0,0,0,0,0,0,0,38,-78,45,5,10,0,2
PhD,Together,67911.0,0,1,63,529,0,356,63,28,0,3,6,7,11,3,0,0,0,0,0,0,0,65,-141,976,27,419,28,1
2n Cycle,Married,14796.0,1,0,1,13,3,8,7,4,16,2,1,0,3,9,0,0,0,0,0,0,1,30,471,51,6,15,7,2
PhD,Married,78128.0,0,1,89,934,24,230,16,24,36,2,8,4,6,3,0,1,1,0,0,0,0,40,-49,1264,20,246,48,1
Basic,Married,14188.0,0,0,40,2,7,11,16,12,27,1,2,0,4,6,0,0,0,0,0,0,0,42,307,75,7,27,19,2
Basic,Married,20425.0,1,0,5,4,12,5,3,16,17,2,2,0,3,7,0,0,0,0,0,0,0,28,429,57,7,8,28,2
Master,Married,58646.0,0,1,3,62,1,44,6,5,22,1,2,1,4,4,0,0,0,0,0,0,0,52,205,140,8,50,6,0
Graduation,Divorced,72967.0,0,1,1,158,35,179,0,0,125,2,7,2,8,5,1,0,0,0,0,0,1,44,382,497,19,179,35,3
Master,Married,48150.0,0,1,24,173,2,39,3,2,47,3,5,1,4,7,0,0,0,0,0,0,0,65,207,266,13,42,4,0
Graduation,Single,82332.0,0,0,89,830,59,968,51,79,19,1,5,3,12,2,0,0,1,0,0,0,1,53,471,2006,21,1019,138,3
Graduation,Widow,58275.0,1,1,48,189,10,253,56,43,64,6,8,2,7,7,0,0,0,0,0,0,0,59,213,615,23,309,53,2
PhD,Together,44953.0,0,0,31,728,17,133,11,8,124,1,7,3,13,6,1,0,0,0,0,0,0,33,376,1021,24,144,25,1
Graduation,Together,34587.0,1,1,68,7,2,9,2,0,2,2,1,0,3,4,0,0,0,0,0,0,0,61,-135,22,6,11,2,2
Master,Together,43018.0,0,1,46,35,4,17,7,6,64,1,2,2,2,5,0,0,0,0,0,0,0,40,61,133,7,24,10,2
Master,Married,45736.0,0,1,92,188,3,180,20,3,43,5,7,1,6,7,0,0,0,0,0,0,0,60,161,437,19,200,6,0
Master,Together,66476.0,0,1,80,742,28,152,25,9,57,2,6,8,10,4,0,0,0,0,0,0,0,45,28,1013,26,177,37,1
2n Cycle,Married,27733.0,1,0,16,0,7,5,26,2,17,2,2,0,3,7,0,0,0,0,0,0,0,33,128,57,7,31,9,2
PhD,Together,69805.0,0,1,50,750,71,174,13,10,20,2,6,8,11,2,0,0,0,0,0,0,0,62,-20,1038,27,187,81,1
Master,Single,72217.0,0,0,93,816,42,450,55,56,154,1,3,10,8,2,0,0,0,0,0,0,0,52,266,1573,22,505,98,3
Graduation,Divorced,25818.0,1,0,51,5,2,8,2,2,9,1,0,1,2,7,0,0,0,0,0,0,0,43,440,28,4,10,4,2
Master,Together,37509.0,1,0,24,37,5,56,12,8,5,2,3,0,4,7,0,0,0,0,0,0,0,38,476,123,9,68,13,0
2n Cycle,Together,25176.0,1,1,79,4,0,4,0,0,5,1,1,0,2,7,0,0,0,0,0,0,0,38,144,13,4,4,0,2
Graduation,Married,43586.0,0,1,26,99,2,11,4,0,16,3,3,0,4,8,0,0,0,0,0,0,0,34,489,132,10,15,2,2
2n Cycle,Married,53230.0,0,1,86,176,72,98,136,21,229,4,5,2,12,5,0,0,0,0,0,0,0,58,516,732,23,234,93,3
Graduation,Together,50116.0,1,1,68,54,0,10,0,0,2,2,1,0,4,5,0,1,0,0,0,0,0,57,-170,66,7,10,0,2
Graduation,Together,84906.0,0,0,98,997,15,414,99,30,76,1,5,6,12,2,0,1,1,0,1,0,0,42,89,1631,24,513,45,3
Graduation,Married,61286.0,0,1,34,356,0,107,19,9,117,2,7,1,8,5,0,0,0,0,0,0,0,48,152,608,18,126,9,3
PhD,Married,82333.0,0,0,60,1311,0,359,46,89,17,1,4,3,10,2,0,0,1,0,0,0,1,28,277,1822,18,405,89,1
PhD,Together,65220.0,0,0,3,890,63,292,0,25,12,4,8,4,7,6,0,0,0,0,0,0,1,49,485,1282,23,292,88,1
Graduation,Together,33590.0,2,1,65,4,0,2,0,0,2,1,1,0,2,7,0,0,0,0,0,0,0,40,59,8,4,2,0,2
Graduation,Divorced,30992.0,1,0,83,17,0,14,7,3,2,1,1,0,3,7,0,0,0,0,0,0,0,38,254,43,5,21,3,2
Master,Single,72309.0,0,0,64,960,0,883,50,38,0,1,5,6,8,3,0,0,0,1,0,0,1,38,296,1931,20,933,38,3
PhD,Married,156924.0,0,0,85,2,1,2,1,1,1,0,0,0,0,0,0,0,0,0,0,0,0,65,125,8,0,3,2,1
Basic,Married,16005.0,1,0,69,1,3,2,20,30,47,3,2,1,2,8,0,0,0,0,0,0,0,34,505,103,8,22,33,2
Master,Absurd,65487.0,0,0,48,240,67,500,199,0,163,3,3,5,6,2,0,0,0,0,0,0,0,57,-9,1169,17,699,67,3
Graduation,Married,58692.0,0,1,21,301,11,61,4,7,11,1,8,2,4,7,0,0,0,0,0,0,0,49,-95,395,15,65,18,2
Graduation,Widow,40590.0,1,1,30,154,0,50,6,11,37,5,3,4,3,6,1,0,0,0,0,0,0,45,91,258,15,56,11,2
Graduation,Single,20587.0,1,0,39,2,3,6,4,1,9,1,1,1,2,7,0,0,0,0,0,0,0,44,-130,25,5,10,4,2
Master,Divorced,62637.0,0,1,76,104,12,48,4,12,5,1,2,2,5,2,0,0,0,0,0,0,0,60,-59,185,10,52,24,0
Master,Divorced,29435.0,1,1,11,70,3,37,4,2,64,4,3,2,2,9,0,0,0,0,0,0,1,48,513,180,11,41,5,0
Graduation,Divorced,19346.0,1,0,26,2,0,9,3,6,2,1,1,0,3,8,0,0,0,0,0,0,0,40,-29,22,5,12,6,2
Graduation,Married,35788.0,1,1,34,23,2,11,3,1,4,2,2,0,3,6,0,0,0,0,0,0,0,43,-22,44,7,14,3,2
Graduation,Divorced,36997.0,1,1,72,43,4,12,8,0,27,5,2,1,4,5,0,0,0,0,0,0,0,46,334,94,12,20,4,2
Graduation,Married,23539.0,0,0,13,4,24,11,16,1,25,1,2,0,4,6,0,0,0,0,0,0,0,57,-58,81,7,27,25,2
Graduation,Single,65333.0,0,1,58,654,7,92,0,15,30,7,9,4,8,6,0,1,1,0,0,0,0,41,-16,798,28,92,22,3
Graduation,Single,78499.0,0,0,12,912,72,170,47,36,97,1,11,3,4,4,0,0,1,0,0,0,1,57,39,1334,19,217,108,3
PhD,Together,29732.0,1,0,23,25,0,8,0,1,4,1,2,0,2,9,0,0,0,0,0,0,0,43,-83,38,5,8,1,0
Master,Together,41275.0,1,2,33,24,4,22,0,2,9,4,3,1,3,5,0,0,0,0,0,0,0,54,-82,61,11,22,6,0
PhD,Together,63516.0,1,1,30,141,11,114,15,14,5,4,4,1,7,5,0,0,0,0,0,0,0,41,179,300,16,129,25,0
PhD,Married,42769.0,0,1,15,71,0,13,3,1,0,2,1,1,4,4,0,0,0,0,0,0,0,52,81,88,8,16,1,0
Master,Married,49572.0,1,1,25,35,1,16,0,1,1,2,2,0,3,7,0,0,0,0,0,0,0,56,17,54,7,16,2,0
Graduation,Married,69209.0,0,0,4,496,32,849,229,48,128,2,5,3,6,4,0,0,0,1,0,0,0,42,471,1782,16,1078,80,3
Graduation,Married,17148.0,1,0,80,9,9,11,13,10,16,4,3,1,3,8,0,0,0,0,0,0,0,38,-27,68,11,24,19,2
Graduation,Widow,40590.0,1,1,30,154,0,50,6,11,37,5,3,4,3,6,1,0,0,0,0,0,0,45,91,258,15,56,11,2
Master,Together,30560.0,1,0,6,9,1,5,4,5,7,1,1,0,3,7,0,0,0,0,0,0,0,38,188,31,5,9,6,2
2n Cycle,Married,32146.0,1,0,16,26,3,23,4,7,3,2,2,0,4,6,0,0,0,0,0,0,0,31,-131,66,8,27,10,2
2n Cycle,Divorced,41713.0,1,1,57,77,8,44,10,10,25,5,3,1,4,6,0,0,0,0,0,0,0,50,-118,174,13,54,18,0
Master,Together,34176.0,0,1,9,11,2,7,4,2,2,1,1,0,3,3,0,0,0,0,0,0,0,39,-21,28,5,11,4,2
PhD,Married,58482.0,0,1,59,576,7,115,19,7,7,2,7,4,9,6,0,1,0,0,0,0,0,59,-70,731,22,134,14,1
Graduation,Single,59686.0,0,1,78,89,15,89,34,42,5,1,4,1,6,4,0,0,0,0,0,0,0,49,-24,274,12,123,57,2
PhD,Married,60896.0,0,1,90,1013,30,399,60,46,153,3,9,10,4,6,0,0,0,0,0,0,1,50,447,1701,26,459,76,1
Graduation,Together,62994.0,1,0,74,224,12,48,4,12,12,1,6,2,4,6,0,0,0,0,0,0,0,34,-62,312,13,52,24,2
Graduation,Together,47320.0,0,1,10,200,19,111,50,15,19,6,5,1,8,6,0,0,0,0,0,0,0,57,153,414,20,161,34,2
2n Cycle,Widow,74859.0,0,0,63,570,73,614,133,102,73,1,6,5,11,3,0,0,0,1,0,0,0,65,212,1565,23,747,175,3
Basic,Single,15253.0,1,0,13,1,3,3,8,1,13,2,1,0,3,7,0,0,0,0,0,0,0,22,65,29,6,11,4,2
PhD,Single,31560.0,1,0,98,62,1,20,4,0,7,2,2,1,3,8,0,0,0,0,0,0,0,40,191,94,8,24,1,0
Graduation,Divorced,72071.0,0,1,4,531,69,300,150,138,150,3,5,4,8,2,0,0,0,0,0,0,0,60,321,1338,20,450,207,3
Master,Single,91172.0,0,0,94,162,28,818,0,28,56,0,4,3,7,3,1,0,1,1,0,0,1,24,280,1092,14,818,56,3
Graduation,Married,90000.0,0,0,91,675,144,133,94,192,241,1,4,8,5,1,1,0,1,1,0,0,0,30,9,1479,18,227,336,3
Graduation,Single,41967.0,1,1,66,23,4,10,0,2,15,1,1,0,3,4,0,0,0,0,0,0,0,33,39,54,5,10,6,2
Graduation,Single,69263.0,0,1,14,492,5,32,13,5,21,1,9,1,7,6,0,1,0,0,0,0,0,49,-63,568,18,45,10,2
2n Cycle,Divorced,65706.0,0,0,77,918,10,129,13,0,129,1,11,3,12,7,0,1,1,0,1,0,1,44,187,1199,27,142,10,1
Graduation,Together,60934.0,0,1,41,224,155,155,192,93,54,2,6,4,11,4,0,0,0,0,0,0,0,39,-16,873,23,347,248,3
Graduation,Married,71965.0,0,1,21,572,19,286,50,38,248,3,6,3,5,3,0,0,0,0,0,0,0,63,156,1213,17,336,57,3
Graduation,Married,65210.0,0,1,25,626,0,70,0,7,28,2,9,3,8,6,0,1,0,1,0,0,0,59,-68,731,22,70,7,1
PhD,Married,79174.0,0,0,2,1074,37,518,193,92,129,1,5,6,7,2,0,0,1,1,0,0,1,39,355,2043,19,711,129,1
Master,Divorced,81380.0,0,0,51,741,68,689,224,68,103,1,4,2,10,2,0,0,0,0,0,0,0,47,375,1893,17,913,136,3
PhD,YOLO,48432.0,0,1,3,322,3,50,4,3,42,5,7,1,6,8,0,0,0,0,0,0,0,41,440,424,19,54,6,0
Graduation,Married,52914.0,0,1,32,254,10,44,30,10,227,2,7,3,3,7,1,0,0,0,0,0,0,43,359,575,15,74,20,3
Graduation,Together,38946.0,0,1,84,116,6,82,6,6,41,2,3,1,6,5,0,0,0,0,0,0,0,59,69,257,12,88,12,2
Graduation,Married,26067.0,1,0,49,22,2,18,0,2,12,3,3,0,3,8,0,0,0,0,0,0,0,40,58,56,9,18,4,2
PhD,Married,44325.0,0,1,69,516,0,21,0,0,5,4,8,2,7,8,0,1,0,0,0,0,0,42,300,542,21,21,0,0
Graduation,Married,42523.0,0,0,96,14,36,11,3,26,35,1,1,1,4,2,0,0,0,0,0,0,0,50,-112,125,7,14,62,2
Basic,Single,26487.0,1,0,23,2,8,10,12,14,23,3,2,1,3,5,0,0,0,0,0,0,0,36,226,69,9,22,22,2
2n Cycle,Married,53233.0,0,1,18,28,0,9,3,0,0,1,1,0,3,4,0,0,0,0,0,0,0,57,-76,40,5,12,0,0
Graduation,Married,67716.0,0,1,8,530,142,217,62,9,56,4,7,4,13,5,0,1,0,0,0,0,0,54,356,1016,28,279,151,3
Master,Married,76234.0,0,1,21,519,50,167,130,0,41,1,8,3,11,3,0,1,0,0,0,0,0,42,-36,907,23,297,50,1
PhD,Married,84117.0,0,0,60,611,76,749,59,45,26,1,7,10,6,2,0,0,1,0,0,0,0,58,-130,1566,24,808,121,1
Master,Together,65487.0,0,0,48,240,67,500,199,0,163,3,3,5,6,2,0,0,0,0,0,0,0,57,-9,1169,17,699,67,3
Basic,Married,25224.0,1,0,36,4,9,12,11,2,8,2,1,1,3,3,0,0,0,0,0,0,0,42,-74,46,7,23,11,2
Master,Single,89616.0,0,0,36,671,47,655,145,111,15,1,7,5,12,2,0,0,0,0,0,0,1,31,310,1644,25,800,158,3
Graduation,Divorced,40851.0,1,1,63,23,1,7,0,4,24,1,1,1,2,7,0,0,0,0,0,0,0,43,314,59,5,7,5,2
Graduation,Married,27469.0,0,0,2,9,1,2,3,2,0,1,0,0,3,6,0,0,0,0,0,0,0,67,517,17,4,5,3,2
2n Cycle,Married,82347.0,0,0,38,556,54,845,202,133,63,1,7,7,10,3,1,0,0,1,0,0,1,57,421,1853,25,1047,187,3
Graduation,Married,73803.0,0,1,61,833,80,363,52,26,174,2,9,5,6,6,1,0,0,0,0,0,1,57,518,1528,22,415,106,3
Master,Single,8820.0,1,1,52,12,0,13,4,2,4,4,3,0,3,8,0,0,0,0,0,0,0,62,285,35,10,17,2,2
Graduation,Single,43322.0,0,0,25,56,7,48,10,2,18,1,3,0,4,7,0,0,0,0,0,0,0,40,-110,141,8,58,9,2
Graduation,Together,55593.0,0,1,63,293,8,124,11,4,106,2,6,6,3,6,1,0,0,0,0,0,0,41,133,546,17,135,12,2
Graduation,Married,50501.0,1,1,10,297,0,38,13,0,152,7,5,4,4,6,1,0,0,0,0,0,1,60,197,500,20,51,0,2
Graduation,Married,37085.0,1,1,65,39,1,16,2,0,3,4,3,0,3,8,0,0,0,0,0,0,0,39,-176,61,10,18,1,2
Basic,Single,16185.0,1,0,71,5,11,16,21,8,45,2,2,2,2,8,0,0,0,0,0,0,0,24,149,106,8,37,19,2
Graduation,Single,57731.0,0,1,0,266,21,300,65,8,44,4,8,8,6,6,0,0,0,0,0,0,0,45,404,704,26,365,29,3
PhD,YOLO,48432.0,0,1,3,322,3,50,4,3,42,5,7,1,6,8,0,0,0,0,0,0,1,41,440,424,19,54,6,0
Graduation,Married,73807.0,0,1,88,366,124,156,71,78,54,2,5,5,11,2,0,0,0,0,0,0,0,36,364,849,23,227,202,3
Graduation,Married,18929.0,0,0,15,32,0,8,23,4,18,1,1,0,4,6,0,0,0,0,0,0,0,24,319,85,6,31,4,2
Graduation,Single,35893.0,1,1,80,158,0,23,0,0,18,6,3,1,5,8,0,0,0,0,0,0,0,46,443,199,15,23,0,2
Graduation,Married,61014.0,0,1,17,269,129,495,182,43,29,4,9,3,4,7,0,0,0,0,0,0,0,34,508,1147,20,677,172,3
Graduation,Together,32144.0,1,1,76,41,0,10,0,0,3,4,2,1,3,7,0,1,0,0,0,0,0,60,-81,54,10,10,0,2
Basic,Together,14918.0,0,1,52,3,3,3,15,4,15,1,1,0,3,6,0,0,0,0,0,0,0,51,390,43,5,18,7,2
Graduation,Divorced,45146.0,1,1,28,33,0,5,0,0,15,2,1,1,2,4,0,0,0,0,0,0,0,51,170,53,6,5,0,2
2n Cycle,Divorced,41769.0,0,1,31,302,29,131,32,0,27,6,8,1,7,8,0,0,0,0,0,0,0,59,322,521,22,163,29,0
Graduation,Together,88325.0,0,0,42,519,71,860,93,27,53,1,6,2,9,2,0,0,0,0,0,0,0,33,-35,1623,18,953,98,3
Master,Divorced,38054.0,1,1,24,23,2,17,2,1,0,2,2,0,3,7,0,0,0,0,0,0,0,64,-120,45,7,19,3,0
2n Cycle,Single,80617.0,0,0,42,594,51,631,72,55,32,1,4,6,8,2,0,0,0,0,0,0,0,19,446,1435,19,703,106,3
Graduation,Married,5305.0,0,1,12,12,4,7,1,3,5,0,1,0,0,13,0,0,0,0,0,0,0,38,155,32,1,8,7,2
Graduation,Together,36807.0,1,1,88,4,2,5,0,0,5,1,1,0,2,6,0,0,0,0,0,0,0,60,377,16,4,5,2,2
Graduation,Together,28427.0,1,0,67,18,3,19,3,3,6,2,2,0,3,8,0,0,0,0,0,0,0,31,286,52,7,22,6,2
PhD,Widow,82032.0,0,0,54,332,194,377,149,125,57,0,4,6,7,1,0,0,0,0,0,0,0,66,-94,1234,17,526,319,1
Graduation,Together,22775.0,1,0,40,5,1,8,0,0,1,1,1,0,2,8,0,0,0,0,0,0,0,36,196,15,4,8,1,2
Master,Together,40101.0,1,0,73,171,3,129,26,24,62,4,6,1,6,7,0,0,0,0,0,0,0,29,444,415,17,155,27,2
Graduation,Married,58025.0,0,1,81,270,31,88,11,48,22,3,3,2,10,4,0,0,0,0,0,0,0,35,36,470,18,99,79,2
Master,Single,75777.0,0,0,12,712,26,538,69,13,80,1,3,6,11,1,0,1,1,0,0,0,1,32,181,1438,21,607,39,3
2n Cycle,Together,7500.0,1,0,7,2,8,11,3,8,21,4,3,2,2,7,0,0,0,0,0,0,0,35,239,53,11,14,16,2
Master,Married,33562.0,1,2,33,21,12,12,0,3,3,3,2,0,4,4,0,0,0,0,0,0,0,51,-175,51,9,12,15,0
PhD,Single,57642.0,0,1,24,580,6,58,8,0,27,3,7,6,6,4,1,0,0,0,0,0,0,44,-8,679,22,66,6,1
Graduation,Together,58554.0,1,1,55,368,24,68,38,0,88,6,8,2,6,7,0,0,0,0,0,0,0,46,462,586,22,106,24,2
Graduation,Married,63777.0,1,1,87,457,5,106,15,17,53,8,11,1,6,8,0,0,0,0,0,0,0,35,283,653,26,121,22,2
Graduation,Single,57967.0,0,1,39,229,7,137,4,0,91,5,4,2,8,5,0,0,0,0,0,0,0,52,304,468,19,141,7,2
2n Cycle,Together,51381.5,0,0,53,32,2,1607,12,4,22,0,0,0,1,0,0,1,0,0,0,0,0,36,507,1679,1,1619,6,3
Graduation,Married,24434.0,2,0,9,3,2,8,20,0,17,2,2,1,2,7,0,0,0,0,0,0,0,42,-137,50,7,28,2,2
Graduation,Single,11012.0,1,0,82,24,3,26,7,1,23,3,3,1,2,9,1,0,0,0,0,0,0,30,291,84,9,33,4,2
Master,Single,44802.0,0,0,71,853,10,143,13,10,20,2,9,4,12,8,0,0,0,0,0,0,0,44,498,1049,27,156,20,1
Graduation,Single,26816.0,0,0,50,5,1,6,3,4,3,1,0,0,3,4,0,0,0,0,0,0,0,28,502,22,4,9,5,2
Graduation,Married,34421.0,1,0,81,3,3,7,6,2,9,1,1,0,2,7,0,0,0,0,0,0,0,40,184,30,4,13,5,2
Graduation,Married,61223.0,0,1,46,709,43,182,42,118,247,2,9,3,4,5,0,0,0,0,0,0,0,47,202,1341,18,224,161,3
PhD,Together,64014.0,2,1,56,406,0,30,0,0,8,7,8,2,5,7,0,0,0,1,0,0,0,68,-160,444,22,30,0,0
Graduation,Divorced,56981.0,0,0,91,908,48,217,32,12,24,1,2,3,13,6,0,1,0,0,0,0,0,33,-24,1241,19,249,60,3
Master,Together,69245.0,0,1,8,428,30,214,80,30,61,2,6,5,10,3,0,0,0,0,0,0,0,58,-23,843,23,294,60,1
PhD,Married,52869.0,1,1,40,84,3,61,2,1,21,3,3,1,4,7,0,0,0,0,0,0,1,60,443,172,11,63,4,0
